-- MySQL dump 10.13  Distrib 8.0.46, for Win64 (x86_64)
--
-- Host: localhost    Database: dictation_app
-- ------------------------------------------------------
-- Server version	8.0.46

/*!40101 SET @OLD_CHARACTER_SET_CLIENT=@@CHARACTER_SET_CLIENT */;
/*!40101 SET @OLD_CHARACTER_SET_RESULTS=@@CHARACTER_SET_RESULTS */;
/*!40101 SET @OLD_COLLATION_CONNECTION=@@COLLATION_CONNECTION */;
/*!50503 SET NAMES utf8mb4 */;
/*!40103 SET @OLD_TIME_ZONE=@@TIME_ZONE */;
/*!40103 SET TIME_ZONE='+00:00' */;
/*!40014 SET @OLD_UNIQUE_CHECKS=@@UNIQUE_CHECKS, UNIQUE_CHECKS=0 */;
/*!40014 SET @OLD_FOREIGN_KEY_CHECKS=@@FOREIGN_KEY_CHECKS, FOREIGN_KEY_CHECKS=0 */;
/*!40101 SET @OLD_SQL_MODE=@@SQL_MODE, SQL_MODE='NO_AUTO_VALUE_ON_ZERO' */;
/*!40111 SET @OLD_SQL_NOTES=@@SQL_NOTES, SQL_NOTES=0 */;

--
-- Table structure for table `admins`
--

DROP TABLE IF EXISTS `admins`;
/*!40101 SET @saved_cs_client     = @@character_set_client */;
/*!50503 SET character_set_client = utf8mb4 */;
CREATE TABLE `admins` (
  `id` int NOT NULL AUTO_INCREMENT,
  `username` varchar(50) NOT NULL,
  `password` varchar(255) NOT NULL,
  `created_at` timestamp NULL DEFAULT CURRENT_TIMESTAMP,
  PRIMARY KEY (`id`),
  UNIQUE KEY `uk_username` (`username`)
) ENGINE=InnoDB AUTO_INCREMENT=2 DEFAULT CHARSET=utf8mb4 COLLATE=utf8mb4_0900_ai_ci;
/*!40101 SET character_set_client = @saved_cs_client */;

--
-- Dumping data for table `admins`
--

LOCK TABLES `admins` WRITE;
/*!40000 ALTER TABLE `admins` DISABLE KEYS */;
INSERT INTO `admins` VALUES (1,'admin','$2a$10$6/XLXQjNIlqAgjS9Y0BrAuOcbGKBgzHp7VHZb2D0.6HSOw9XiMkkC','2026-07-03 07:25:34');
/*!40000 ALTER TABLE `admins` ENABLE KEYS */;
UNLOCK TABLES;

--
-- Table structure for table `dictation_records`
--

DROP TABLE IF EXISTS `dictation_records`;
/*!40101 SET @saved_cs_client     = @@character_set_client */;
/*!50503 SET character_set_client = utf8mb4 */;
CREATE TABLE `dictation_records` (
  `id` int NOT NULL AUTO_INCREMENT,
  `session_id` int NOT NULL,
  `word_id` int NOT NULL,
  `is_correct` tinyint(1) DEFAULT '1',
  PRIMARY KEY (`id`),
  KEY `word_id` (`word_id`),
  KEY `idx_session` (`session_id`),
  CONSTRAINT `dictation_records_ibfk_1` FOREIGN KEY (`session_id`) REFERENCES `dictation_sessions` (`id`) ON DELETE CASCADE,
  CONSTRAINT `dictation_records_ibfk_2` FOREIGN KEY (`word_id`) REFERENCES `words` (`id`) ON DELETE CASCADE
) ENGINE=InnoDB AUTO_INCREMENT=180 DEFAULT CHARSET=utf8mb4 COLLATE=utf8mb4_0900_ai_ci;
/*!40101 SET character_set_client = @saved_cs_client */;

--
-- Dumping data for table `dictation_records`
--

LOCK TABLES `dictation_records` WRITE;
/*!40000 ALTER TABLE `dictation_records` DISABLE KEYS */;
INSERT INTO `dictation_records` VALUES (1,1,44,1),(2,1,18,1),(3,1,50,1),(4,1,52,1),(5,1,41,1),(6,1,54,1),(7,1,43,1),(8,1,38,1),(9,1,15,0),(10,1,35,1),(11,1,31,1),(12,1,42,1),(13,1,21,1),(14,1,19,1),(15,1,40,1),(16,1,55,1),(17,1,28,1),(18,1,11,0),(19,1,36,1),(20,1,53,0),(21,1,10,1),(22,1,32,1),(23,1,49,0),(24,1,48,1),(25,1,37,1),(26,1,14,1),(27,1,45,1),(28,1,3,1),(29,1,22,1),(30,1,8,1),(31,1,17,1),(32,1,33,1),(33,1,39,1),(34,1,34,1),(35,1,2,1),(36,1,30,1),(37,1,51,1),(38,1,9,1),(39,1,46,1),(40,1,5,1),(41,1,16,1),(42,1,26,1),(43,1,20,0),(44,1,27,1),(45,1,47,1),(46,1,6,0),(47,1,7,0),(48,1,13,1),(49,1,12,1),(50,1,4,1),(51,1,1,1),(52,1,25,1),(53,1,23,1),(54,1,24,1),(55,1,29,1),(56,2,15,1),(57,2,5,1),(58,2,38,0),(59,2,42,1),(60,2,34,1),(61,2,29,1),(62,2,21,0),(63,2,28,1),(64,2,43,1),(65,2,46,1),(66,2,4,0),(67,2,22,1),(68,2,55,1),(69,2,30,1),(70,2,40,1),(71,2,1,1),(72,2,50,1),(73,2,53,1),(74,2,37,1),(75,2,11,1),(76,2,14,1),(77,2,35,1),(78,2,26,1),(79,2,10,1),(80,2,7,0),(81,2,33,1),(82,2,19,0),(83,2,54,1),(84,2,44,1),(85,2,48,1),(86,2,36,1),(87,2,20,0),(88,2,39,1),(89,2,9,0),(90,2,12,1),(91,2,2,1),(92,2,51,1),(93,2,13,1),(94,2,32,1),(95,2,25,1),(96,2,45,1),(97,2,6,1),(98,2,8,1),(99,2,23,0),(100,2,41,1),(101,2,47,1),(102,2,27,1),(103,2,18,1),(104,2,31,0),(105,2,49,1),(106,2,24,1),(107,2,3,1),(108,2,16,1),(109,2,52,1),(110,3,20,1),(111,3,7,0),(112,3,19,1),(113,3,21,1),(114,3,9,1),(115,3,38,1),(116,3,23,1),(117,3,4,1),(118,3,6,1),(119,3,53,1),(120,3,11,1),(121,3,31,1),(122,3,15,1),(123,3,49,1),(124,4,77,1),(125,4,75,1),(126,4,67,1),(127,4,72,1),(128,4,97,1),(129,4,96,0),(130,4,73,1),(131,4,98,1),(132,4,82,1),(133,4,61,1),(134,4,58,1),(135,4,84,1),(136,4,101,0),(137,4,100,1),(138,4,65,0),(139,4,56,1),(140,4,74,1),(141,4,70,1),(142,4,81,1),(143,4,99,1),(144,4,91,1),(145,4,86,1),(146,4,68,1),(147,4,71,1),(148,4,87,1),(149,4,60,1),(150,4,76,1),(151,4,80,1),(152,4,62,0),(153,4,89,1),(154,4,90,1),(155,4,94,1),(156,4,57,1),(157,4,93,1),(158,4,69,1),(159,4,83,1),(160,4,64,1),(161,4,95,1),(162,4,85,1),(163,4,78,1),(164,4,63,1),(165,4,92,1),(166,4,88,0),(167,4,66,1),(168,4,59,1),(169,4,79,1),(170,5,390,0),(171,5,392,0),(172,5,391,0),(173,5,58,1),(174,5,98,1),(175,5,86,1),(176,5,73,1),(177,5,60,1),(178,5,89,1),(179,5,97,1);
/*!40000 ALTER TABLE `dictation_records` ENABLE KEYS */;
UNLOCK TABLES;

--
-- Table structure for table `dictation_sessions`
--

DROP TABLE IF EXISTS `dictation_sessions`;
/*!40101 SET @saved_cs_client     = @@character_set_client */;
/*!50503 SET character_set_client = utf8mb4 */;
CREATE TABLE `dictation_sessions` (
  `id` int NOT NULL AUTO_INCREMENT,
  `user_id` int DEFAULT NULL,
  `book` varchar(100) DEFAULT '',
  `unit` varchar(100) DEFAULT '',
  `mode` varchar(20) DEFAULT 'normal',
  `word_count` int DEFAULT '0',
  `time_spent` int DEFAULT '0',
  `correct_count` int DEFAULT '0',
  `wrong_count` int DEFAULT '0',
  `created_at` timestamp NULL DEFAULT CURRENT_TIMESTAMP,
  PRIMARY KEY (`id`),
  KEY `idx_user` (`user_id`)
) ENGINE=InnoDB AUTO_INCREMENT=6 DEFAULT CHARSET=utf8mb4 COLLATE=utf8mb4_0900_ai_ci;
/*!40101 SET character_set_client = @saved_cs_client */;

--
-- Dumping data for table `dictation_sessions`
--

LOCK TABLES `dictation_sessions` WRITE;
/*!40000 ALTER TABLE `dictation_sessions` DISABLE KEYS */;
INSERT INTO `dictation_sessions` VALUES (1,1,'八上-Unit1','','normal',55,4,48,7,'2026-07-01 05:20:23'),(2,1,'八下-Unit1','','normal',54,566,45,9,'2026-07-02 06:16:00'),(3,1,'八下','','error_book',14,120,13,1,'2026-07-04 01:26:00'),(4,1,'八下','Unit2','normal',46,442,41,5,'2026-07-04 01:38:30'),(5,1,'八下','Unit2','normal',10,2,7,3,'2026-07-04 05:46:21');
/*!40000 ALTER TABLE `dictation_sessions` ENABLE KEYS */;
UNLOCK TABLES;

--
-- Table structure for table `errors`
--

DROP TABLE IF EXISTS `errors`;
/*!40101 SET @saved_cs_client     = @@character_set_client */;
/*!50503 SET character_set_client = utf8mb4 */;
CREATE TABLE `errors` (
  `id` int NOT NULL AUTO_INCREMENT,
  `user_id` int DEFAULT NULL,
  `word_id` int NOT NULL,
  `error_count` int DEFAULT '0',
  `consecutive_correct` int DEFAULT '0',
  `is_active` tinyint(1) DEFAULT '1',
  `created_at` timestamp NULL DEFAULT CURRENT_TIMESTAMP,
  `updated_at` timestamp NULL DEFAULT CURRENT_TIMESTAMP ON UPDATE CURRENT_TIMESTAMP,
  PRIMARY KEY (`id`),
  UNIQUE KEY `uk_word` (`word_id`),
  KEY `idx_user` (`user_id`),
  CONSTRAINT `errors_ibfk_1` FOREIGN KEY (`word_id`) REFERENCES `words` (`id`) ON DELETE CASCADE
) ENGINE=InnoDB AUTO_INCREMENT=23 DEFAULT CHARSET=utf8mb4 COLLATE=utf8mb4_0900_ai_ci;
/*!40101 SET character_set_client = @saved_cs_client */;

--
-- Dumping data for table `errors`
--

LOCK TABLES `errors` WRITE;
/*!40000 ALTER TABLE `errors` DISABLE KEYS */;
INSERT INTO `errors` VALUES (1,1,15,1,2,1,'2026-07-01 05:20:23','2026-07-04 01:26:00'),(2,1,11,1,2,1,'2026-07-01 05:20:23','2026-07-04 01:26:00'),(3,1,53,1,2,1,'2026-07-01 05:20:23','2026-07-04 01:26:00'),(4,1,49,1,2,1,'2026-07-01 05:20:23','2026-07-04 01:26:00'),(5,1,20,2,1,1,'2026-07-01 05:20:23','2026-07-04 01:26:00'),(6,1,6,1,2,1,'2026-07-01 05:20:23','2026-07-04 01:26:00'),(7,1,7,3,0,1,'2026-07-01 05:20:23','2026-07-04 01:26:00'),(8,1,38,1,1,1,'2026-07-02 06:16:00','2026-07-04 01:26:00'),(9,1,21,1,1,1,'2026-07-02 06:16:00','2026-07-04 01:26:00'),(10,1,4,1,1,1,'2026-07-02 06:16:00','2026-07-04 01:26:00'),(11,1,19,1,1,1,'2026-07-02 06:16:00','2026-07-04 01:26:00'),(12,1,9,1,1,1,'2026-07-02 06:16:00','2026-07-04 01:26:00'),(13,1,23,1,1,1,'2026-07-02 06:16:00','2026-07-04 01:26:00'),(14,1,31,1,1,1,'2026-07-02 06:16:00','2026-07-04 01:26:00'),(15,1,96,1,0,1,'2026-07-04 01:38:30','2026-07-04 01:38:30'),(16,1,101,1,0,1,'2026-07-04 01:38:30','2026-07-04 01:38:30'),(17,1,65,1,0,1,'2026-07-04 01:38:30','2026-07-04 01:38:30'),(18,1,62,1,0,1,'2026-07-04 01:38:30','2026-07-04 01:38:30'),(19,1,88,1,0,1,'2026-07-04 01:38:30','2026-07-04 01:38:30'),(20,1,390,1,0,1,'2026-07-04 05:46:21','2026-07-04 05:46:21'),(21,1,392,1,0,1,'2026-07-04 05:46:21','2026-07-04 05:46:21'),(22,1,391,1,0,1,'2026-07-04 05:46:21','2026-07-04 05:46:21');
/*!40000 ALTER TABLE `errors` ENABLE KEYS */;
UNLOCK TABLES;

--
-- Table structure for table `users`
--

DROP TABLE IF EXISTS `users`;
/*!40101 SET @saved_cs_client     = @@character_set_client */;
/*!50503 SET character_set_client = utf8mb4 */;
CREATE TABLE `users` (
  `id` int NOT NULL AUTO_INCREMENT,
  `phone` varchar(20) NOT NULL,
  `nickname` varchar(50) NOT NULL DEFAULT '',
  `last_book` varchar(100) DEFAULT '',
  `password` varchar(255) NOT NULL,
  `created_at` timestamp NULL DEFAULT CURRENT_TIMESTAMP,
  PRIMARY KEY (`id`),
  UNIQUE KEY `uk_phone` (`phone`)
) ENGINE=InnoDB AUTO_INCREMENT=2 DEFAULT CHARSET=utf8mb4 COLLATE=utf8mb4_0900_ai_ci;
/*!40101 SET character_set_client = @saved_cs_client */;

--
-- Dumping data for table `users`
--

LOCK TABLES `users` WRITE;
/*!40000 ALTER TABLE `users` DISABLE KEYS */;
INSERT INTO `users` VALUES (1,'15655331008','Rondo','八下','$2a$10$.5DtxwaL56nAT4BxkOq53e1pjeVftc8ve9bSlRIewiaHB3mvPSz8K','2026-07-03 06:19:41');
/*!40000 ALTER TABLE `users` ENABLE KEYS */;
UNLOCK TABLES;

--
-- Table structure for table `words`
--

DROP TABLE IF EXISTS `words`;
/*!40101 SET @saved_cs_client     = @@character_set_client */;
/*!50503 SET character_set_client = utf8mb4 */;
CREATE TABLE `words` (
  `id` int NOT NULL AUTO_INCREMENT,
  `user_id` int DEFAULT NULL,
  `chinese` varchar(255) NOT NULL,
  `phonetic` varchar(255) DEFAULT '',
  `english` varchar(255) NOT NULL,
  `book` varchar(100) NOT NULL DEFAULT '',
  `unit` varchar(100) NOT NULL DEFAULT '',
  `dictation_count` int DEFAULT '0',
  `created_at` timestamp NULL DEFAULT CURRENT_TIMESTAMP,
  `updated_at` timestamp NULL DEFAULT CURRENT_TIMESTAMP ON UPDATE CURRENT_TIMESTAMP,
  PRIMARY KEY (`id`),
  UNIQUE KEY `uk_en_user_book` (`english`,`user_id`,`book`),
  KEY `idx_count` (`dictation_count`),
  KEY `idx_user` (`user_id`),
  KEY `idx_book` (`book`)
) ENGINE=InnoDB AUTO_INCREMENT=597 DEFAULT CHARSET=utf8mb4 COLLATE=utf8mb4_0900_ai_ci;
/*!40101 SET character_set_client = @saved_cs_client */;

--
-- Dumping data for table `words`
--

LOCK TABLES `words` WRITE;
/*!40000 ALTER TABLE `words` DISABLE KEYS */;
INSERT INTO `words` VALUES (1,1,'n. 地铁','/ʌndəgraʊnd/','underground','八下','Unit1',2,'2026-07-01 05:08:50','2026-07-04 01:02:17'),(2,1,'n. 速度','/spiːd/','speed','八下','Unit1',2,'2026-07-01 05:08:50','2026-07-04 01:02:17'),(3,1,'n. 高速列车','—','high-speed train','八下','Unit1',2,'2026-07-01 05:08:50','2026-07-04 01:02:17'),(4,1,'modal v. 曾经','—','used to','八下','Unit1',3,'2026-07-01 05:08:50','2026-07-04 01:26:00'),(5,1,'adj. 拥挤的','/\'kraʊdɪd/','crowded','八下','Unit1',2,'2026-07-01 05:08:50','2026-07-04 01:02:17'),(6,1,'adj. 方便的','/kən\'viːniənt/','convenient','八下','Unit1',3,'2026-07-01 05:08:50','2026-07-04 01:26:00'),(7,1,'n. 创新','/ˌɪnə\'veɪʃn/','innovation','八下','Unit1',3,'2026-07-01 05:08:50','2026-07-04 01:26:00'),(8,1,'adj. 南部的，南方的','/\'sʌðən/','southern','八下','Unit1',2,'2026-07-01 05:08:50','2026-07-04 01:02:17'),(9,1,'adj. 高科技的（尤指电子方面）','/ˌhaɪ \'tek/','high-tech','八下','Unit1',3,'2026-07-01 05:08:50','2026-07-04 01:26:00'),(10,1,'n. 先锋，先驱','/ˌpaɪə\'nɪə(r)/','pioneer','八下','Unit1',2,'2026-07-01 05:08:50','2026-07-04 01:02:17'),(11,1,'n. 改革','/rɪ\'fɔːm/','reform','八下','Unit1',3,'2026-07-01 05:08:50','2026-07-04 01:26:00'),(12,1,'在……的核心','—','at the heart of','八下','Unit1',2,'2026-07-01 05:08:50','2026-07-04 01:02:17'),(13,1,'n. 技术','/tek\'nɒlədʒi/','technology','八下','Unit1',2,'2026-07-01 05:08:50','2026-07-04 01:02:17'),(14,1,'n. 行业，工业','/\'ɪndəstri/','industry','八下','Unit1',2,'2026-07-01 05:08:50','2026-07-04 01:02:17'),(15,1,'n. 大公司，巨人，庞然大物','/\'dʒaɪənt/','giant','八下','Unit1',3,'2026-07-01 05:08:50','2026-07-04 01:26:00'),(16,1,'vt. & vi. 领导，带领','/liːd/','lead','八下','Unit1',2,'2026-07-01 05:08:50','2026-07-04 01:02:17'),(17,1,'vt. 使感动，打动','/muːv/','move','八下','Unit5',1,'2026-07-01 05:08:50','2026-07-04 01:02:49'),(18,1,'n. 财富；富有','/welθ/','wealth','八下','Unit1',2,'2026-07-01 05:08:50','2026-07-04 01:02:17'),(19,1,'大量的，丰富的','—','a wealth of','八下','Unit1',3,'2026-07-01 05:08:50','2026-07-04 01:26:00'),(20,1,'n. 设施，设备','/fə\'sɪlɪti/','facility','八下','Unit1',3,'2026-07-01 05:08:50','2026-07-04 01:26:00'),(21,1,'除……之外，也，还','—','as well as','八下','Unit1',3,'2026-07-01 05:08:50','2026-07-04 01:26:00'),(22,1,'adj. 优秀的，杰出的','/\'eksələnt/','excellent','八下','Unit1',2,'2026-07-01 05:08:50','2026-07-04 01:02:17'),(23,1,'adj. 教育的，有关教育的','/ˌedʒu\'keɪʃənl/','educational','八下','Unit1',3,'2026-07-01 05:08:50','2026-07-04 01:26:00'),(24,1,'n. 荣誉','/\'ɒnə(r)/','honour','八下','Unit1',2,'2026-07-01 05:08:50','2026-07-04 01:02:17'),(25,1,'adj. 公共的，公众的','/\'pʌblɪk/','public','八下','Unit1',2,'2026-07-01 05:08:50','2026-07-04 01:02:17'),(26,1,'n. 居民，市民，公民','/\'sɪtɪzn/','citizen','八下','Unit1',2,'2026-07-01 05:08:50','2026-07-04 01:02:17'),(27,1,'n. 绿道','/\'ɡriːnweɪ/','greenway','八下','Unit1',2,'2026-07-01 05:08:50','2026-07-04 01:02:17'),(28,1,'adj. 电动的','/ɪ\'lektrɪk/','electric','八下','Unit1',2,'2026-07-01 05:08:50','2026-07-04 01:02:17'),(29,1,'n. 设计者，规划者','/\'plænə(r)/','planner','八下','Unit1',2,'2026-07-01 05:08:50','2026-07-04 01:02:17'),(30,1,'prep. & conj. 自……以来','/sɪns/','since','八下','Unit1',2,'2026-07-01 05:08:50','2026-07-04 01:02:17'),(31,1,'n. 发展，成长','/dr\'eləpmənt/','development','八下','Unit1',3,'2026-07-01 05:08:50','2026-07-04 01:26:00'),(32,1,'adj. 开拓性的','/ˌpaɪə\'nɪərɪŋ/','pioneering','八下','Unit1',2,'2026-07-01 05:08:50','2026-07-04 01:02:17'),(33,1,'n. 创造力','/ˌkriːeɪ\'tɪvəti/','creativity','八下','Unit1',2,'2026-07-01 05:08:50','2026-07-04 01:02:17'),(34,1,'adv. 无疑，肯定','/\'sɜːtnli/','certainly','八下','Unit1',2,'2026-07-01 05:08:50','2026-07-04 01:02:17'),(35,1,'n. 关键，键，钥匙','/kiː/','key','八下','Unit1',2,'2026-07-01 05:08:50','2026-07-04 01:02:17'),(36,1,'谋生','—','make a living','八下','Unit1',2,'2026-07-01 05:08:50','2026-07-04 01:02:17'),(37,1,'adj. 举世闻名的','/ˌwɜːld \'feɪməs/','world-famous','八下','Unit1',2,'2026-07-01 05:08:50','2026-07-04 01:02:17'),(38,1,'n. 交通运输系统','/\'trænspɔːt/','transport','八下','Unit1',3,'2026-07-01 05:08:50','2026-07-04 01:26:00'),(39,1,'adv. 最近','/\'riːsntli/','recently','八下','Unit1',2,'2026-07-01 05:08:50','2026-07-04 01:02:17'),(40,1,'adv. 已经，早已','/ɔːl\'redi/','already','八下','Unit1',2,'2026-07-01 05:08:50','2026-07-04 01:02:17'),(41,1,'adv. 尚，还；至今','/jet/','yet','八下','Unit1',2,'2026-07-01 05:08:50','2026-07-04 01:02:17'),(42,1,'n. 记者','/rɪ\'pɔːtə(r)/','reporter','八下','Unit1',2,'2026-07-01 05:08:50','2026-07-04 01:02:17'),(43,1,'n. 交通线；行列','/laɪn/','line','八下','Unit1',2,'2026-07-01 05:08:50','2026-07-04 01:02:17'),(44,1,'vi. 迈步，踩，踏，行走','/step/','step','八下','Unit1',2,'2026-07-01 05:08:50','2026-07-04 01:02:17'),(45,1,'adj. 宽的，宽阔的','/waɪd/','wide','八下','Unit1',2,'2026-07-01 05:08:50','2026-07-04 01:02:17'),(46,1,'n. 一排，一列，一行','/rəʊ/','row','八下','Unit1',2,'2026-07-01 05:08:50','2026-07-04 01:02:17'),(47,1,'adj. 泥泞的','/\'mʌdi/','muddy','八下','Unit1',2,'2026-07-01 05:08:50','2026-07-04 01:02:17'),(48,1,'n. 村民','/\'vɪlɪdʒə(r)/','villager','八下','Unit1',2,'2026-07-01 05:08:50','2026-07-04 01:02:17'),(49,1,'adj. 近来的，新近的','/\'riːsnt/','recent','八下','Unit1',3,'2026-07-01 05:08:50','2026-07-04 01:26:00'),(50,1,'adj. 抱有希望，满怀希望','/\'həʊpfl/','hopeful','八下','Unit1',2,'2026-07-01 05:08:50','2026-07-04 01:02:17'),(51,1,'n. 旅客，房客；客人','/ɡest/','guest','八下','Unit1',2,'2026-07-01 05:08:50','2026-07-04 01:02:17'),(52,1,'小旅馆','—','guest house','八下','Unit1',2,'2026-07-01 05:08:50','2026-07-04 01:02:17'),(53,1,'n. 旅游业，观光业','/\'tʊərɪzəm/','tourism','八下','Unit1',3,'2026-07-01 05:08:50','2026-07-04 01:26:00'),(54,1,'adj. 空的','/\'empti/','empty','八下','Unit1',2,'2026-07-01 05:08:50','2026-07-04 01:02:17'),(55,1,'adj. 普遍的，共同的','/\'kɒmən/','common','八下','Unit1',2,'2026-07-01 05:08:50','2026-07-04 01:02:17'),(56,1,'vt. 较喜欢','/prɪ\'fɜː(r)/','prefer','八下','Unit2',1,'2026-07-01 05:15:29','2026-07-04 01:38:30'),(57,1,'n. 供乘骑的游乐设施','/raɪd/','ride','八下','Unit2',1,'2026-07-01 05:15:29','2026-07-04 01:38:30'),(58,1,'vt. 使害怕','/skeə(r)/','scare','八下','Unit2',2,'2026-07-01 05:15:29','2026-07-04 05:46:21'),(59,1,'vt. & vi. 探索，探究','/ɪk\'splɔː(r)/','explore','八下','Unit2',1,'2026-07-01 05:15:29','2026-07-04 01:38:30'),(60,1,'n. 河段，直水道','/riːtʃ/','reach','八下','Unit2',2,'2026-07-01 05:15:29','2026-07-04 05:46:21'),(61,1,'adj. 大量含有；丰富多彩的；富有的','/rɪtʃ/','rich','八下','Unit2',1,'2026-07-01 05:15:29','2026-07-04 01:38:30'),(62,1,'n. 向往的地方，有吸引力的事；吸引','/ə\'trækʃn/','attraction','八下','Unit2',1,'2026-07-01 05:15:29','2026-07-04 01:38:30'),(63,1,'n. 选择','/tʃɔɪs/','choice','八下','Unit2',1,'2026-07-01 05:15:29','2026-07-04 01:38:30'),(64,1,'adj. 历史上著名（或重要的）','/hɪ\'stɒrɪk/','historic','八下','Unit2',1,'2026-07-01 05:15:29','2026-07-04 01:38:30'),(65,1,'n. 学问，知识，学习','/\'lɜːnɪŋ/','learning','八下','Unit2',1,'2026-07-01 05:15:29','2026-07-04 01:38:30'),(66,1,'n. 大学','/ˌjuːnɪ\'vɜːsɪ/','university','八下','Unit2',1,'2026-07-01 05:15:29','2026-07-04 01:38:30'),(67,1,'n. 机构，团体','/\'bɒdi/','body','八下','Unit2',1,'2026-07-01 05:15:29','2026-07-04 01:38:30'),(68,1,'n. （场所等给的）印象，感受，气氛','/fiːl/','feel','八下','Unit2',1,'2026-07-01 05:15:29','2026-07-04 01:38:30'),(69,1,'n. 岸，岸畔','/bæŋk/','bank','八下','Unit2',1,'2026-07-01 05:15:29','2026-07-04 01:38:30'),(70,1,'n. 发生地，出生地','/\'bɜːθpleɪs/','birthplace','八下','Unit2',1,'2026-07-01 05:15:29','2026-07-04 01:38:30'),(71,1,'n. （中央）权力所在地，权力中心','—','seat of power','八下','Unit2',1,'2026-07-01 05:15:29','2026-07-04 01:38:30'),(72,1,'n. 朝代','/\'dɪnəsti/','dynasty','八下','Unit2',1,'2026-07-01 05:15:29','2026-07-04 01:38:30'),(73,1,'n. 洞穴，山谷','/keɪv/','cave','八下','Unit2',2,'2026-07-01 05:15:29','2026-07-04 05:46:21'),(74,1,'n. 雕刻术，雕刻品','/\'kɑːvɪŋ/','carving','八下','Unit2',1,'2026-07-01 05:15:29','2026-07-04 01:38:30'),(75,1,'n. 爱好者','/\'lʌvə(r)/','lover','八下','Unit2',1,'2026-07-01 05:15:29','2026-07-04 01:38:30'),(76,1,'n. 牡丹，芍药','/\'piːəni/','peony','八下','Unit2',1,'2026-07-01 05:15:29','2026-07-04 01:38:30'),(77,1,'adv. 在国外，到国外','/ə\'brɔːd/','abroad','八下','Unit2',1,'2026-07-01 05:15:29','2026-07-04 01:38:30'),(78,1,'vt. 欣赏，赞赏','/əd\'maɪə(r)/','admire','八下','Unit2',1,'2026-07-01 05:15:29','2026-07-04 01:38:30'),(79,1,'前往','—','make one\'s way (to)','八下','Unit2',1,'2026-07-01 05:15:29','2026-07-04 01:38:30'),(80,1,'adj. 梦幻（般）的','/\'driːmlaɪk/','dreamlike','八下','Unit2',1,'2026-07-01 05:15:29','2026-07-04 01:38:30'),(81,1,'adj. 在中心的，中央的','/\'sentrəl/','central','八下','Unit2',1,'2026-07-01 05:15:29','2026-07-04 01:38:30'),(82,1,'n. 士兵','/\'səʊldʒə(r)/','soldier','八下','Unit2',1,'2026-07-01 05:15:29','2026-07-04 01:38:30'),(83,1,'vt. & vi. 想象','/ɪ\'mædʒɪn/','imagine','八下','Unit2',1,'2026-07-01 05:15:29','2026-07-04 01:38:30'),(84,1,'n. 地点，位置','/saɪt/','site','八下','Unit2',1,'2026-07-01 05:15:29','2026-07-04 01:38:30'),(85,1,'n. 商务，公事，生意','/\'bɪznəs/','business','八下','Unit2',1,'2026-07-01 05:15:29','2026-07-04 01:38:30'),(86,1,'n. 混合，混杂，结合','/mɪks/','mix','八下','Unit2',2,'2026-07-01 05:15:29','2026-07-04 05:46:21'),(87,1,'prep. & conj. 到……时，直到……为止','/ən\'tɪl/','until','八下','Unit2',1,'2026-07-01 05:15:29','2026-07-04 01:38:30'),(88,1,'n. 电邮（或手机）信息，消息','/\'mesɪdʒ/','message','八下','Unit2',1,'2026-07-01 05:15:29','2026-07-04 01:38:30'),(89,1,'adv. 任何地方','/\'eniweə(r)/','anywhere','八下','Unit2',2,'2026-07-01 05:15:29','2026-07-04 05:46:21'),(90,1,'vt. & vi. 结婚，嫁娶','/\'mæri/','marry','八下','Unit2',1,'2026-07-01 05:15:29','2026-07-04 01:38:30'),(91,1,'n. 艺术作品','/\'ɑːtwɜːk/','artwork','八下','Unit2',1,'2026-07-01 05:15:29','2026-07-04 01:38:30'),(92,1,'adj. 古典的','/\'klæsɪkl/','classical','八下','Unit2',1,'2026-07-01 05:15:29','2026-07-04 01:38:30'),(93,1,'n. 主题','/θiːm/','theme','八下','Unit2',1,'2026-07-01 05:15:29','2026-07-04 01:38:30'),(94,1,'n. 主题乐园','—','theme park','八下','Unit2',1,'2026-07-01 05:15:29','2026-07-04 01:38:30'),(95,1,'n. 据点，总部，基础','/beɪs/','base','八下','Unit2',1,'2026-07-01 05:15:29','2026-07-04 01:38:30'),(96,1,'n. 时期','/\'pɪəriəd/','period','八下','Unit2',1,'2026-07-01 05:15:29','2026-07-04 01:38:30'),(97,1,'n. 记录；纪录','/\'rekɔːd/','record','八下','Unit2',2,'2026-07-01 05:15:29','2026-07-04 05:46:21'),(98,1,'n. 英雄','/\'hɪərəʊ/','hero','八下','Unit2',2,'2026-07-01 05:15:29','2026-07-04 05:46:21'),(99,1,'adv. 两次','/twaɪs/','twice','八下','Unit2',1,'2026-07-01 05:15:29','2026-07-04 01:38:30'),(100,1,'炫耀，卖弄，显示','—','show off','八下','Unit2',1,'2026-07-01 05:15:29','2026-07-04 01:38:30'),(101,1,'不论……，无论……，不管……','—','no matter...','八下','Unit2',1,'2026-07-01 05:15:29','2026-07-04 01:38:30'),(102,1,'n. 点击','/kliːk/','click','八下','Unit3',0,'2026-07-01 05:32:39','2026-07-04 01:02:35'),(103,1,'n. 海岸，海滨','/kəʊst/','coast','八下','Unit3',0,'2026-07-01 05:32:39','2026-07-04 01:02:35'),(104,1,'n. 必须做（或看、买等）的事','/mʌst/','must','八下','Unit3',0,'2026-07-01 05:32:39','2026-07-04 01:02:35'),(105,1,'不亚于任何人（或事物）','—','be second to none','八下','Unit3',0,'2026-07-01 05:32:39','2026-07-04 01:02:35'),(106,1,'adj. 现场演出的','/laɪv/','live','八下','Unit3',0,'2026-07-01 05:32:39','2026-07-04 01:02:35'),(107,1,'conj. 不管……是否','/\'weðə(r)/','whether','八下','Unit3',0,'2026-07-01 05:32:39','2026-07-04 01:02:35'),(108,1,'至于，关于','—','as for','八下','Unit3',0,'2026-07-01 05:32:39','2026-07-04 01:02:35'),(109,1,'n. 部分，薄片，块','/slaɪs/','slice','八下','Unit3',0,'2026-07-01 05:32:39','2026-07-04 01:02:35'),(110,1,'adv. 真正，确实','/\'truːli/','truly','八下','Unit3',0,'2026-07-01 05:32:39','2026-07-04 01:02:35'),(111,1,'n. 桥','/brɪdʒ/','bridge','八下','Unit3',0,'2026-07-01 05:32:39','2026-07-04 01:02:35'),(112,1,'n. 考虑，怀疑','/daʊt/','doubt','八下','Unit3',0,'2026-07-01 05:32:39','2026-07-04 01:02:35'),(113,1,'无疑','—','no doubt','八下','Unit3',0,'2026-07-01 05:32:39','2026-07-04 01:02:35'),(114,1,'什么都有点儿','—','a bit of everything','八下','Unit3',0,'2026-07-01 05:32:39','2026-07-04 01:02:35'),(115,1,'vi. 数数','/kaʊnt/','count','八下','Unit3',0,'2026-07-01 05:32:39','2026-07-04 01:02:35'),(116,1,'倒计时','—','count down','八下','Unit3',0,'2026-07-01 05:32:39','2026-07-04 01:02:35'),(117,1,'n. 卫兵，看守；保卫','/ɡɑːd/','guard','八下','Unit3',0,'2026-07-01 05:32:39','2026-07-04 01:02:35'),(118,1,'n. 夜生活','/\'naɪttaɪm/','nighttime','八下','Unit3',0,'2026-07-01 05:32:39','2026-07-04 01:02:35'),(119,1,'n. 激动，兴奋','/ɪk\'saɪtmənt/','excitement','八下','Unit3',0,'2026-07-01 05:32:39','2026-07-04 01:02:35'),(120,1,'adj. 意大利人（的），意大利语的','/ɪ\'tæliən/','Italian','八下','Unit3',0,'2026-07-01 05:32:39','2026-07-04 01:02:35'),(121,1,'adj. 数字式的，数码的','/\'dɪdʒɪtəl/','digital','八下','Unit3',0,'2026-07-01 05:32:39','2026-07-04 01:02:35'),(122,1,'亲自，亲身','—','in person','八下','Unit3',0,'2026-07-01 05:32:39','2026-07-04 01:02:35'),(123,1,'看看，（从图书馆等）借出','—','check out','八下','Unit3',0,'2026-07-01 05:32:39','2026-07-04 01:02:35'),(124,1,'n. 菜单','/\'menjuː/','menu','八下','Unit3',0,'2026-07-01 05:32:39','2026-07-04 01:02:35'),(125,1,'vi. & vt. 签（名）；和……签约','/saɪn/','sign','八下','Unit3',0,'2026-07-01 05:32:39','2026-07-04 01:02:35'),(126,1,'报名（参加课程）','—','sign up (for sth)','八下','Unit3',0,'2026-07-01 05:32:39','2026-07-04 01:02:35'),(127,1,'n. 训练，培训','/\'treɪnɪŋ/','training','八下','Unit3',0,'2026-07-01 05:32:39','2026-07-04 01:02:35'),(128,1,'n. 目录，清单','/lɪst/','list','八下','Unit3',0,'2026-07-01 05:32:39','2026-07-04 01:02:35'),(129,1,'n. 报告；报道','/rɪ\'pɔːt/','report','八下','Unit3',0,'2026-07-01 05:32:39','2026-07-04 01:02:35'),(130,1,'vt. & vi. 预订，预约','/bʊk/','book','八下','Unit3',0,'2026-07-01 05:32:39','2026-07-04 01:02:35'),(131,1,'n. 票，入场券','/\'tɪkɪt/','ticket','八下','Unit3',0,'2026-07-01 05:32:39','2026-07-04 01:02:35'),(132,1,'n. 现金','/kæʃ/','cash','八下','Unit3',0,'2026-07-01 05:32:39','2026-07-04 01:02:35'),(133,1,'adj. 仍在进行的，不断发展的','/\'ɒŋɡəʊɪŋ/','ongoing','八下','Unit3',0,'2026-07-01 05:32:39','2026-07-04 01:02:35'),(134,1,'n. 项目','/\'prɒdʒekt/','project','八下','Unit3',0,'2026-07-01 05:32:39','2026-07-04 01:02:35'),(135,1,'n. 庙宇，寺院','/\'templ/','temple','八下','Unit3',0,'2026-07-01 05:32:39','2026-07-04 01:02:35'),(136,1,'n. 证据，证明','/pruːf/','proof','八下','Unit3',0,'2026-07-01 05:32:39','2026-07-04 01:02:35'),(137,1,'n. 交流，交际','/kəˌmjuːnɪ\'keɪʃn/','communication','八下','Unit3',0,'2026-07-01 05:32:39','2026-07-04 01:02:35'),(138,1,'adj. (= 3D) 三维的，立体的','—','three-D','八下','Unit3',0,'2026-07-01 05:32:39','2026-07-04 01:02:35'),(139,1,'n. 文章','/\'ɑːtɪkl/','article','八下','Unit3',0,'2026-07-01 05:32:39','2026-07-04 01:02:35'),(140,1,'adv. 靠近地，密切地','/\'kləʊsli/','closely','八下','Unit3',0,'2026-07-01 05:32:39','2026-07-04 01:02:35'),(141,1,'vt. 完成；结束','/kəm\'pliːt/','complete','八下','Unit3',0,'2026-07-01 05:32:39','2026-07-04 01:02:35'),(142,1,'conj. 不过，然而，尽管','/ɔːl\'ðəʊ/','although','八下','Unit3',0,'2026-07-01 05:32:39','2026-07-04 01:02:35'),(143,1,'n. 介绍','/ˌɪntrə\'dʌkʃn/','introduction','八下','Unit3',0,'2026-07-01 05:32:39','2026-07-04 01:02:35'),(144,1,'adj. 法国人（的），法语','/frentʃ/','French','八下','Unit3',0,'2026-07-01 05:32:39','2026-07-04 01:02:35'),(145,1,'n. 王后，女王','/kwiːn/','queen','八下','Unit3',0,'2026-07-01 05:32:39','2026-07-04 01:02:35'),(146,1,'vt. & vi. 旅游','/tʊə(r)/','tour','八下','Unit3',0,'2026-07-01 05:32:39','2026-07-04 01:02:35'),(147,1,'vi. 快速移动','/zuːm/','zoom','八下','Unit3',0,'2026-07-01 05:32:39','2026-07-04 01:02:35'),(148,1,'画面拉近，拉近','—','zoom in','八下','Unit3',0,'2026-07-01 05:32:39','2026-07-04 01:02:35'),(149,1,'n. 人群，观众','/kraʊd/','crowd','八下','Unit3',0,'2026-07-01 05:32:39','2026-07-04 01:02:35'),(150,1,'adv. 完全地，完整地','/kəm\'pliːtli/','completely','八下','Unit3',0,'2026-07-01 05:32:39','2026-07-04 01:02:35'),(151,1,'n. 好读物，好书（或文章等）','/riːd/','a good read','八下','Unit4',0,'2026-07-01 05:51:48','2026-07-04 01:02:41'),(152,1,'n. 小说','/\'fɪkʃn/','fiction','八下','Unit4',0,'2026-07-01 05:51:48','2026-07-04 01:02:41'),(153,1,'n. 非虚构作品','/ˌnɒn\'fɪkʃn/','non-fiction','八下','Unit4',0,'2026-07-01 05:51:48','2026-07-04 01:02:41'),(154,1,'创作，编写，编造','—','make up','八下','Unit4',0,'2026-07-01 05:51:48','2026-07-04 01:02:41'),(155,1,'n. （长篇）小说','/\'nɒvl/','novel','八下','Unit4',0,'2026-07-01 05:51:48','2026-07-04 01:02:41'),(156,1,'vi. & vt. 撞击，碰撞','/kræʃ/','crash','八下','Unit4',0,'2026-07-01 05:51:48','2026-07-04 01:02:41'),(157,1,'累极了','—','be tired out','八下','Unit4',0,'2026-07-01 05:51:48','2026-07-04 01:02:41'),(158,1,'n. 腹部；胃','/\'stʌmək/','stomach','八下','Unit4',0,'2026-07-01 05:51:48','2026-07-04 01:02:41'),(159,1,'摔倒','—','fall over','八下','Unit4',0,'2026-07-01 05:51:48','2026-07-04 01:02:41'),(160,1,'vt. & vi. 继续','/kən\'tɪnjuː/','continue','八下','Unit4',0,'2026-07-01 05:51:48','2026-07-04 01:02:41'),(161,1,'adv. 也','/\'aɪðə(r); \'iːðə(r)/','either','八下','Unit4',0,'2026-07-01 05:51:48','2026-07-04 01:02:41'),(162,1,'逃脱，挣脱','—','break free','八下','Unit4',0,'2026-07-01 05:51:48','2026-07-04 01:02:41'),(163,1,'vt. 抽出；vt. & vi. 拉，拖','/pʊl/','pull','八下','Unit4',0,'2026-07-01 05:51:48','2026-07-04 01:02:41'),(164,1,'n. 线绳','/rəʊp/','rope','八下','Unit4',0,'2026-07-01 05:51:48','2026-07-04 01:02:41'),(165,1,'n. 大批，大群；陆军部队','/\'ɑːmi/','army','八下','Unit4',0,'2026-07-01 05:51:48','2026-07-04 01:02:41'),(166,1,'adv. 径直；笔直地','/streɪt/','straight','八下','Unit4',0,'2026-07-01 05:51:48','2026-07-04 01:02:41'),(167,1,'pron. 谁，什么人','/huːm/','whom','八下','Unit4',0,'2026-07-01 05:51:48','2026-07-04 01:02:41'),(168,1,'n. 评论','/rɪ\'vjuː/','review','八下','Unit4',0,'2026-07-01 05:51:48','2026-07-04 01:02:41'),(169,1,'vt. 讨论，谈论，商量','/dɪ\'skʌs/','discuss','八下','Unit4',0,'2026-07-01 05:51:48','2026-07-04 01:02:41'),(170,1,'adj. 确定，必定','/\'sɜːtn/','certain','八下','Unit4',0,'2026-07-01 05:51:48','2026-07-04 01:02:41'),(171,1,'vt. & vi. 提出建议','/əd\'vaɪz/','advise','八下','Unit4',0,'2026-07-01 05:51:48','2026-07-04 01:02:41'),(172,1,'提交，呈交，上交','—','hand in','八下','Unit4',0,'2026-07-01 05:51:48','2026-07-04 01:02:41'),(173,1,'n. 时间表，时刻表','/\'taɪmteɪbl/','timetable','八下','Unit4',0,'2026-07-01 05:51:48','2026-07-04 01:02:41'),(174,1,'n. 段落','/\'pærəɡrɑːf/','paragraph','八下','Unit4',0,'2026-07-01 05:51:48','2026-07-04 01:02:41'),(175,1,'n. 总结','/\'sʌməri/','summary','八下','Unit4',0,'2026-07-01 05:51:48','2026-07-04 01:02:41'),(176,1,'n. 结尾，结局','/\'endɪŋ/','ending','八下','Unit4',0,'2026-07-01 05:51:48','2026-07-04 01:02:41'),(177,1,'n. 规章，规则','/ruːl/','rule','八下','Unit4',0,'2026-07-01 05:51:48','2026-07-04 01:02:41'),(178,1,'第一，首先','—','first of all','八下','Unit4',0,'2026-07-01 05:51:48','2026-07-04 01:02:41'),(179,1,'n. 图书管理员','/laɪ\'breəriən/','librarian','八下','Unit4',0,'2026-07-01 05:51:48','2026-07-04 01:02:41'),(180,1,'n. 出版社','—','publishing house','八下','Unit4',0,'2026-07-01 05:51:48','2026-07-04 01:02:41'),(181,1,'adj. 不愿意','/ʌn\'wɪlɪŋ/','unwilling','八下','Unit4',0,'2026-07-01 05:51:48','2026-07-04 01:02:41'),(182,1,'n. [pl.] 销售量','/seɪlz/','sales','八下','Unit4',0,'2026-07-01 05:51:48','2026-07-04 01:02:41'),(183,1,'n. 一本（册）；复制品','/\'kɒpi/','copy','八下','Unit4',0,'2026-07-01 05:51:48','2026-07-04 01:02:41'),(184,1,'adv. 特别；尤其','/ɪ\'speʃəli/','especially','八下','Unit4',0,'2026-07-01 05:51:48','2026-07-04 01:02:41'),(185,1,'n. 文学','/\'lɪtrətʃə(r)/','literature','八下','Unit4',0,'2026-07-01 05:51:48','2026-07-04 01:02:41'),(186,1,'n. 出版人（或机构）','/\'pʌblɪʃə(r)/','publisher','八下','Unit4',0,'2026-07-01 05:51:48','2026-07-04 01:02:41'),(187,1,'n. 飞行员','/\'paɪlət/','pilot','八下','Unit4',0,'2026-07-01 05:51:48','2026-07-04 01:02:41'),(188,1,'n. 读者','/\'riːdə(r)/','reader','八下','Unit4',0,'2026-07-01 05:51:48','2026-07-04 01:02:41'),(189,1,'n. 难度','/\'dɪfɪkəlti/','difficulty','八下','Unit4',0,'2026-07-01 05:51:48','2026-07-04 01:02:41'),(190,1,'在做某事方面有困难','—','have difficulty','八下','Unit4',0,'2026-07-01 05:51:48','2026-07-04 01:02:41'),(191,1,'n. 版权','/\'kɒpiraɪt/','copyright','八下','Unit4',0,'2026-07-01 05:51:48','2026-07-04 01:02:41'),(192,1,'n. 同意；一致；协议','/ə\'ɡriːmənt/','agreement','八下','Unit4',0,'2026-07-01 05:51:48','2026-07-04 01:02:41'),(193,1,'n. 市场','/\'mɑːkɪt/','market','八下','Unit4',0,'2026-07-01 05:51:48','2026-07-04 01:02:41'),(194,1,'vt. 原谅','/ɪk\'skjuːz/','excuse','八下','Unit4',0,'2026-07-01 05:51:48','2026-07-04 01:02:41'),(195,1,'prep. 在……之内','/wɪ\'ðɪn/','within','八下','Unit4',0,'2026-07-01 05:51:48','2026-07-04 01:02:41'),(196,1,'n. 日志；杂志','/\'dʒɜːnl/','journal','八下','Unit4',0,'2026-07-01 05:51:48','2026-07-04 01:02:41'),(197,1,'n. 名称；标题；头衔；称谓','/\'taɪtl/','title','八下','Unit4',0,'2026-07-01 05:51:48','2026-07-04 01:02:41'),(198,1,'adj. 顽皮的，淘气的','/\'nɔːti/','naughty','八下','Unit4',0,'2026-07-01 05:51:48','2026-07-04 01:02:41'),(199,1,'vt. 描述','/dɪ\'skraɪb/','describe','八下','Unit4',0,'2026-07-01 05:51:48','2026-07-04 01:02:41'),(200,1,'adj. 遥远的','/\'fɑːrəweɪ/','faraway','八下','Unit4',0,'2026-07-01 05:51:48','2026-07-04 01:02:41'),(201,1,'n. 岛','/\'aɪlənd/','island','八下','Unit4',0,'2026-07-01 05:51:48','2026-07-04 01:02:41'),(202,1,'n. 看法；想法','/ə\'pɪnjən/','opinion','八下','Unit4',0,'2026-07-01 05:51:48','2026-07-04 01:02:41'),(203,1,'conj. 尽管','/ðəʊ/','though','八下','Unit4',0,'2026-07-01 05:51:48','2026-07-04 01:02:41'),(204,1,'n. 礼貌，礼仪','/\'mænəz/','manners','八下','Unit5',0,'2026-07-01 06:00:02','2026-07-04 01:02:49'),(205,1,'n. 垃圾','/\'lɪtə(r)/','litter','八下','Unit5',0,'2026-07-01 06:00:02','2026-07-04 01:02:49'),(206,1,'n. 水龙头','/tæp/','tap','八下','Unit5',0,'2026-07-01 06:00:02','2026-07-04 01:02:49'),(207,1,'排队等候','—','wait in line','八下','Unit5',0,'2026-07-01 06:00:02','2026-07-04 01:02:49'),(208,1,'adv. 耐心地','/\'peɪʃntli/','patiently','八下','Unit5',0,'2026-07-01 06:00:02','2026-07-04 01:02:49'),(209,1,'n. 祝贺','/kənˌɡrætʃu\'leɪʃnz/','congratulations','八下','Unit5',0,'2026-07-01 06:00:02','2026-07-04 01:02:49'),(210,1,'n. 走廊，正门通道','/\'lɒbi/','lobby','八下','Unit5',0,'2026-07-01 06:00:02','2026-07-04 01:02:49'),(211,1,'准时','—','on time','八下','Unit5',0,'2026-07-01 06:00:02','2026-07-04 01:02:49'),(212,1,'舒适自在，不拘束','—','feel at home','八下','Unit5',0,'2026-07-01 06:00:02','2026-07-04 01:02:49'),(213,1,'adv. 通常','/\'nɔːməli/','normally','八下','Unit5',0,'2026-07-01 06:00:02','2026-07-04 01:02:49'),(214,1,'vt. 称呼','/ə\'dres/','address','八下','Unit5',0,'2026-07-01 06:00:02','2026-07-04 01:02:49'),(215,1,'n. 礼貌','/pə\'laɪtnəs/','politeness','八下','Unit5',0,'2026-07-01 06:00:02','2026-07-04 01:02:49'),(216,1,'vt. & vi. 意识到','/\'rɪəlaɪz/','realize','八下','Unit5',0,'2026-07-01 06:00:02','2026-07-04 01:02:49'),(217,1,'vi. 表现','/bɪ\'heɪv/','behave','八下','Unit5',0,'2026-07-01 06:00:02','2026-07-04 01:02:49'),(218,1,'adv. 不同地','/\'dɪfrəntli/','differently','八下','Unit5',0,'2026-07-01 06:00:02','2026-07-04 01:02:49'),(219,1,'当涉及某事（或做某事）时','—','when it comes to (doing) sth','八下','Unit5',0,'2026-07-01 06:00:02','2026-07-04 01:02:49'),(220,1,'n. & vt. 称赞，赞美','/preɪz/','praise','八下','Unit5',0,'2026-07-01 06:00:02','2026-07-04 01:02:49'),(221,1,'adj. 高兴的','/pliːzd/','pleased','八下','Unit5',0,'2026-07-01 06:00:02','2026-07-04 01:02:49'),(222,1,'代替，作为替换','—','instead of','八下','Unit5',0,'2026-07-01 06:00:02','2026-07-04 01:02:49'),(223,1,'n. & vi. & vt. 答复','/rɪ\'plaɪ/','reply','八下','Unit5',0,'2026-07-01 06:00:02','2026-07-04 01:02:49'),(224,1,'adj. 谦虚的','/\'mɒdɪst/','modest','八下','Unit5',0,'2026-07-01 06:00:02','2026-07-04 01:02:49'),(225,1,'adv. 坦率地，没有隐瞒地','/\'əʊpənli/','openly','八下','Unit5',0,'2026-07-01 06:00:02','2026-07-04 01:02:49'),(226,1,'n. 主人','/həʊst/','host','八下','Unit5',0,'2026-07-01 06:00:02','2026-07-04 01:02:49'),(227,1,'adj. 好客的，热情友好的','/hɒ\'spɪtəbl/','hospitable','八下','Unit5',0,'2026-07-01 06:00:02','2026-07-04 01:02:49'),(228,1,'n. 盘子，碟','/pleɪt/','plate','八下','Unit5',0,'2026-07-01 06:00:02','2026-07-04 01:02:49'),(229,1,'vt. & vi. 拒绝，回绝','/rɪ\'fjuːz/','refuse','八下','Unit5',0,'2026-07-01 06:00:02','2026-07-04 01:02:49'),(230,1,'习惯于某事','—','get used to sth','八下','Unit5',0,'2026-07-01 06:00:02','2026-07-04 01:02:49'),(231,1,'adv. 完全地，全部地，充分地','/\'fʊli/','fully','八下','Unit5',0,'2026-07-01 06:00:02','2026-07-04 01:02:49'),(232,1,'同时，一下子','—','all at once','八下','Unit5',0,'2026-07-01 06:00:02','2026-07-04 01:02:49'),(233,1,'插队','—','jump the queue','八下','Unit5',0,'2026-07-01 06:00:02','2026-07-04 01:02:49'),(234,1,'adv. 大声地，吵闹地','/\'laʊdli/','loudly','八下','Unit5',0,'2026-07-01 06:00:02','2026-07-04 01:02:49'),(235,1,'变凉，冷却下来','—','cool off','八下','Unit5',0,'2026-07-01 06:00:02','2026-07-04 01:02:49'),(236,1,'n. 特殊情况，病例','/keɪs/','case','八下','Unit5',0,'2026-07-01 06:00:02','2026-07-04 01:02:49'),(237,1,'以防万一','—','in case','八下','Unit5',0,'2026-07-01 06:00:02','2026-07-04 01:02:49'),(238,1,'撞上','—','run into sth/sb','八下','Unit5',0,'2026-07-01 06:00:02','2026-07-04 01:02:49'),(239,1,'vt. & vi. 挤开；推动','/pʊʃ/','push','八下','Unit5',0,'2026-07-01 06:00:02','2026-07-04 01:02:49'),(240,1,'prep. 在另一边，到另一侧','/pɑːst/','past','八下','Unit5',0,'2026-07-01 06:00:02','2026-07-04 01:02:49'),(241,1,'挡着……的路','—','in one\'s way','八下','Unit5',0,'2026-07-01 06:00:02','2026-07-04 01:02:49'),(242,1,'n. 讨论','/dɪ\'skʌʃn/','discussion','八下','Unit5',0,'2026-07-01 06:00:02','2026-07-04 01:02:49'),(243,1,'vt. & vi. 欺骗','/tʃiːt/','cheat','八下','Unit5',0,'2026-07-01 06:00:02','2026-07-04 01:02:49'),(244,1,'vt. & vi. 承诺，许诺','/\'prɒmɪs/','promise','八下','Unit5',0,'2026-07-01 06:00:02','2026-07-04 01:02:49'),(245,1,'信守诺言','—','keep one\'s word','八下','Unit5',0,'2026-07-01 06:00:02','2026-07-04 01:02:49'),(246,1,'n. 梨','/peə(r)/','pear','八下','Unit5',0,'2026-07-01 06:00:02','2026-07-04 01:02:49'),(247,1,'尽管，即使','—','even though','八下','Unit5',0,'2026-07-01 06:00:02','2026-07-04 01:02:49'),(248,1,'vt. 拥有','/əʊn/','own','八下','Unit5',0,'2026-07-01 06:00:02','2026-07-04 01:02:49'),(249,1,'adv. 尊敬地','/rɪ\'spektfəli/','respectfully','八下','Unit5',0,'2026-07-01 06:00:02','2026-07-04 01:02:49'),(250,1,'n. [pl.] 耳机','/\'ɪəfəʊnz/','earphones','八下','Unit5',0,'2026-07-01 06:00:02','2026-07-04 01:02:49'),(251,1,'n. 圆圈','/\'sɜːkl/','circle','八下','Unit5',0,'2026-07-01 06:00:02','2026-07-04 01:02:49'),(252,1,'n. 小费','/tɪp/','tip','八下','Unit5',0,'2026-07-01 06:00:02','2026-07-04 01:02:49'),(253,1,'adj. 安宁的，平静的','/\'piːsfl/','peaceful','八下','Unit5',0,'2026-07-01 06:00:02','2026-07-04 01:02:49'),(254,1,'adj. 失礼的，粗鲁的','/ˌɪmpə\'laɪt/','impolite','八下','Unit5',0,'2026-07-01 06:00:02','2026-07-04 01:02:49'),(255,1,'vt. 麻烦，使烦恼，折磨','/\'trʌbl/','trouble','八下','Unit5',0,'2026-07-01 06:00:02','2026-07-04 01:02:49'),(256,1,'互相','—','one another','八下','Unit5',0,'2026-07-01 06:00:02','2026-07-04 01:02:49'),(257,1,'n. & vt. & vi. 拥抱','/hʌɡ/','hug','八下','Unit5',0,'2026-07-01 06:00:02','2026-07-04 01:02:49'),(258,1,'n. & vt. & vi. 亲吻','/kɪs/','kiss','八下','Unit5',0,'2026-07-01 06:00:02','2026-07-04 01:02:49'),(259,1,'adv. 安静地，平静地','/\'kwaɪətli/','quietly','八下','Unit5',0,'2026-07-01 06:00:02','2026-07-04 01:02:49'),(260,1,'adj. 美味的，可口的','/\'teɪsti/','tasty','八下','Unit5',0,'2026-07-01 06:00:02','2026-07-04 01:02:49'),(261,1,'vt. & vi. 急促，仓促；冲，涌','/rʌʃ/','rush','八下','Unit5',0,'2026-07-01 06:00:02','2026-07-04 01:02:49'),(262,1,'conj. 除非','/ən\'les/','unless','八下','Unit5',0,'2026-07-01 06:00:02','2026-07-04 01:02:49'),(263,1,'即将，正要（做某事）','—','be about to do sth','八下','Unit5',0,'2026-07-01 06:00:02','2026-07-04 01:02:49'),(264,1,'vt. 使失明','/blaɪnd/','blind','八下','Unit7',0,'2026-07-01 06:07:33','2026-07-04 01:03:05'),(265,1,'adj. 聋的','/def/','deaf','八下','Unit6',0,'2026-07-01 06:07:33','2026-07-04 01:02:58'),(266,1,'adj. 有残疾的','/dɪs\'eɪbld/','disabled','八下','Unit6',0,'2026-07-01 06:07:33','2026-07-04 01:02:58'),(267,1,'adj. 年纪较大的，上了年纪的','/\'eldəli/','elderly','八下','Unit6',0,'2026-07-01 06:07:33','2026-07-04 01:02:58'),(268,1,'n. （某种）缺陷，障碍','/ˌdɪsə\'bɪlɪti/','disability','八下','Unit6',0,'2026-07-01 06:07:33','2026-07-04 01:02:58'),(269,1,'n. 服务','/\'sɜːvɪs/','service','八下','Unit6',0,'2026-07-01 06:07:33','2026-07-04 01:02:58'),(270,1,'vt. & vi. 捐赠；捐献','/dəʊ\'neɪt/','donate','八下','Unit6',0,'2026-07-01 06:07:33','2026-07-04 01:02:58'),(271,1,'vt. 预料；预期；期待','/ɪk\'spekt/','expect','八下','Unit6',0,'2026-07-01 06:07:33','2026-07-04 01:02:58'),(272,1,'n. 运动员','/\'æθliːt/','athlete','八下','Unit6',0,'2026-07-01 06:07:33','2026-07-04 01:02:58'),(273,1,'n. 自信心；信心','/\'kɒnfɪdəns/','confidence','八下','Unit6',0,'2026-07-01 06:07:33','2026-07-04 01:02:58'),(274,1,'vt. 需要；依靠','/rɪ\'kwaɪə(r)/','require','八下','Unit6',0,'2026-07-01 06:07:33','2026-07-04 01:02:58'),(275,1,'adj. 空闲的，空余的','/speə(r)/','spare','八下','Unit6',0,'2026-07-01 06:07:33','2026-07-04 01:02:58'),(276,1,'vt. 受到；接到','/rɪ\'siːv/','receive','八下','Unit6',0,'2026-07-01 06:07:33','2026-07-04 01:02:58'),(277,1,'adj. 必需的，必要的','/\'nesəsəri/','necessary','八下','Unit6',0,'2026-07-01 06:07:33','2026-07-04 01:02:58'),(278,1,'n. 轮椅','/\'wiːltʃeə(r)/','wheelchair','八下','Unit6',0,'2026-07-01 06:07:33','2026-07-04 01:02:58'),(279,1,'vt. 提醒','/rɪ\'maɪnd/','remind','八下','Unit6',0,'2026-07-01 06:07:33','2026-07-04 01:02:58'),(280,1,'提醒某人做某事','—','remind sb to do sth','八下','Unit6',0,'2026-07-01 06:07:33','2026-07-04 01:02:58'),(281,1,'n. （汽车或飞机上的）安全带','/siːt belt/','seat belt','八下','Unit6',0,'2026-07-01 06:07:33','2026-07-04 01:02:58'),(282,1,'n. 奖牌；勋章','/\'medl/','medal','八下','Unit6',0,'2026-07-01 06:07:33','2026-07-04 01:02:58'),(283,1,'n. 金牌；金','/ɡəʊld/','gold','八下','Unit6',0,'2026-07-01 06:07:33','2026-07-04 01:02:58'),(284,1,'n. 银牌；银','/\'sɪlvə(r)/','silver','八下','Unit6',0,'2026-07-01 06:07:33','2026-07-04 01:02:58'),(285,1,'n. 比赛；竞争','/ˌkɒmpə\'tɪʃn/','competition','八下','Unit6',0,'2026-07-01 06:07:33','2026-07-04 01:02:58'),(286,1,'n. 出身背景；背景','/\'bækɡraʊnd/','background','八下','Unit6',0,'2026-07-01 06:07:33','2026-07-04 01:02:58'),(287,1,'n. 才能，本领；能力','/ə\'bɪlɪti/','ability','八下','Unit6',0,'2026-07-01 06:07:33','2026-07-04 01:02:58'),(288,1,'adj. 善良诚恳的','/ˌwɔːm \'hɑːtɪd/','warm-hearted','八下','Unit6',0,'2026-07-01 06:07:33','2026-07-04 01:02:58'),(289,1,'n. 勇气','/\'kʌrɪdʒ/','courage','八下','Unit6',0,'2026-07-01 06:07:33','2026-07-04 01:02:58'),(290,1,'vt. 达到（目标等）；完成','/ə\'tʃiːv/','achieve','八下','Unit6',0,'2026-07-01 06:07:33','2026-07-04 01:02:58'),(291,1,'adv. 非常，很','/\'ɡreɪtli/','greatly','八下','Unit6',0,'2026-07-01 06:07:33','2026-07-04 01:02:58'),(292,1,'vt. & vi. 影响','/\'ɪnfluəns/','influence','八下','Unit6',0,'2026-07-01 06:07:33','2026-07-04 01:02:58'),(293,1,'vi. 参加比赛；竞争','/kəm\'piːt/','compete','八下','Unit6',0,'2026-07-01 06:07:33','2026-07-04 01:02:58'),(294,1,'adv. 顺利地，平滑地','/\'smuːðli/','smoothly','八下','Unit6',0,'2026-07-01 06:07:33','2026-07-04 01:02:58'),(295,1,'adj. 义务性的；自愿的','/\'vɒləntri/','voluntary','八下','Unit6',0,'2026-07-01 06:07:33','2026-07-04 01:02:58'),(296,1,'vt. & vi. 穿越，横过','/krɒs/','cross','八下','Unit6',0,'2026-07-01 06:07:33','2026-07-04 01:02:58'),(297,1,'n. 慈善机构（或组织）','/\'tʃærɪti/','charity','八下','Unit6',0,'2026-07-01 06:07:33','2026-07-04 01:02:58'),(298,1,'adj. 西部的，西方国家的','/\'westən/','western','八下','Unit6',0,'2026-07-01 06:07:33','2026-07-04 01:02:58'),(299,1,'n. 受欢迎，普及','/ˌpɒpju\'lærɪti/','popularity','八下','Unit6',0,'2026-07-01 06:07:33','2026-07-04 01:02:58'),(300,1,'n. 化学','/\'kemɪstri/','chemistry','八下','Unit6',0,'2026-07-01 06:07:33','2026-07-04 01:02:58'),(301,1,'adj. 西北的，西北方向的','/ˌnɔːθ \'westən/','north-western','八下','Unit6',0,'2026-07-01 06:07:33','2026-07-04 01:02:58'),(302,1,'adj. 东北的，东北方向的','/ˌnɔːθ \'iːstən/','north-eastern','八下','Unit6',0,'2026-07-01 06:07:33','2026-07-04 01:02:58'),(303,1,'vi. 受折磨；变糟；遭受','/\'sʌfə(r)/','suffer','八下','Unit6',0,'2026-07-01 06:07:33','2026-07-04 01:02:58'),(304,1,'患……病，遭受','—','suffer from','八下','Unit6',0,'2026-07-01 06:07:33','2026-07-04 01:02:58'),(305,1,'n. 血；血液','/blʌd/','blood','八下','Unit6',0,'2026-07-01 06:07:33','2026-07-04 01:02:58'),(306,1,'n. 病；疾病','/dɪ\'ziːz/','disease','八下','Unit6',0,'2026-07-01 06:07:33','2026-07-04 01:02:58'),(307,1,'n. 手术','/ˌɒpə\'reɪʃn/','operation','八下','Unit6',0,'2026-07-01 06:07:33','2026-07-04 01:02:58'),(308,1,'adj. 缺席，不在','/\'æbsənt/','absent','八下','Unit6',0,'2026-07-01 06:07:33','2026-07-04 01:02:58'),(309,1,'vt. 创建；建立','/faʊnd/','found','八下','Unit7',0,'2026-07-01 06:11:45','2026-07-04 01:03:05'),(310,1,'adj. 医疗的','/\'medɪkl/','medical','八下','Unit7',0,'2026-07-01 06:11:45','2026-07-04 01:03:05'),(311,1,'n. 组织，机构','/ˌɔːɡənaɪ\'zeɪʃn/','organization','八下','Unit7',0,'2026-07-01 06:11:45','2026-07-04 01:03:05'),(312,1,'n. 嘴唇','/lɪp/','lip','八下','Unit7',0,'2026-07-01 06:11:45','2026-07-04 01:03:05'),(313,1,'n. 采访者','/\'ɪntəvjuːə(r)/','interviewer','八下','Unit7',0,'2026-07-01 06:11:45','2026-07-04 01:03:05'),(314,1,'n. 十亿','/\'bɪljən/','billion','八下','Unit7',0,'2026-07-01 06:11:45','2026-07-04 01:03:05'),(315,1,'vt. 治好（疾病）；治愈','/kjʊə(r)/','cure','八下','Unit7',0,'2026-07-01 06:11:45','2026-07-04 01:03:05'),(316,1,'n. 治疗','/\'triːtmənt/','treatment','八下','Unit7',0,'2026-07-01 06:11:45','2026-07-04 01:03:05'),(317,1,'vi. 力争争取，力求','/eɪm/','aim','八下','Unit7',0,'2026-07-01 06:11:45','2026-07-04 01:03:05'),(318,1,'n. 病人','/\'peɪʃnt/','patient','八下','Unit7',0,'2026-07-01 06:11:45','2026-07-04 01:03:05'),(319,1,'vt. 能做，能买得起','/ə\'fɔːd/','afford','八下','Unit7',0,'2026-07-01 06:11:45','2026-07-04 01:03:05'),(320,1,'去医院看病','—','go to hospital','八下','Unit7',0,'2026-07-01 06:11:45','2026-07-04 01:03:05'),(321,1,'在飞机上（或船上、火车上）','—','on board','八下','Unit7',0,'2026-07-01 06:11:45','2026-07-04 01:03:05'),(322,1,'vt. & vi. 培训，训练','/treɪn/','train','八下','Unit7',0,'2026-07-01 06:11:45','2026-07-04 01:03:05'),(323,1,'n. 优势，效果，成功','/\'benɪfɪt/','benefit','八下','Unit7',0,'2026-07-01 06:11:45','2026-07-04 01:03:05'),(324,1,'n. 眼睛保健','—','eye care','八下','Unit7',0,'2026-07-01 06:11:45','2026-07-04 01:03:05'),(325,1,'vt. 动手术','/\'ɒpəreɪt/','operate','八下','Unit7',0,'2026-07-01 06:11:45','2026-07-04 01:03:05'),(326,1,'（给……）做手术','—','operate on','八下','Unit7',0,'2026-07-01 06:11:45','2026-07-04 01:03:05'),(327,1,'vt. 医治；以……方式对待','/triːt/','treat','八下','Unit7',0,'2026-07-01 06:11:45','2026-07-04 01:03:05'),(328,1,'继续做','—','carry on with','八下','Unit7',0,'2026-07-01 06:11:45','2026-07-04 01:03:05'),(329,1,'n. 采访，访谈；面谈','/\'ɪntəvjuː/','interview','八下','Unit7',0,'2026-07-01 06:11:45','2026-07-04 01:03:05'),(330,1,'adj. 感激的','/\'ɡreɪtfl/','grateful','八下','Unit7',0,'2026-07-01 06:11:45','2026-07-04 01:03:05'),(331,1,'n. 黑暗','/\'dɑːknəs/','darkness','八下','Unit7',0,'2026-07-01 06:11:45','2026-07-04 01:03:05'),(332,1,'n. 增加，增加物','/ə\'dɪʃn/','addition','八下','Unit7',0,'2026-07-01 06:11:45','2026-07-04 01:03:05'),(333,1,'除……以外','—','in addition (to)','八下','Unit7',0,'2026-07-01 06:11:45','2026-07-04 01:03:05'),(334,1,'adv. 直接地','/dɪ\'rektli/','directly','八下','Unit7',0,'2026-07-01 06:11:45','2026-07-04 01:03:05'),(335,1,'n. 传单，小册子','/\'liːflət/','leaflet','八下','Unit7',0,'2026-07-01 06:11:45','2026-07-04 01:03:05'),(336,1,'分发','—','hand out','八下','Unit7',0,'2026-07-01 06:11:45','2026-07-04 01:03:05'),(337,1,'n. 拥护者，声援者，捍卫者；冠军','/\'tʃæmpiən/','champion','八下','Unit7',0,'2026-07-01 06:11:45','2026-07-04 01:03:05'),(338,1,'n. 权利','/raɪt/','right','八下','Unit7',0,'2026-07-01 06:11:45','2026-07-04 01:03:05'),(339,1,'n. 医疗，医疗服务','/\'helθkeə(r)/','healthcare','八下','Unit7',0,'2026-07-01 06:11:45','2026-07-04 01:03:05'),(340,1,'adv. 而且，此外','/bɪ\'saɪdz/','besides','八下','Unit7',0,'2026-07-01 06:11:45','2026-07-04 01:03:05'),(341,1,'n. 进步，进展','/\'prəʊɡres/','progress','八下','Unit7',0,'2026-07-01 06:11:45','2026-07-04 01:03:05'),(342,1,'n. 传播，扩散，蔓延','/spred/','spread','八下','Unit7',0,'2026-07-01 06:11:45','2026-07-04 01:03:05'),(343,1,'n. 病毒','/\'vaɪrəs/','virus','八下','Unit7',0,'2026-07-01 06:11:45','2026-07-04 01:03:05'),(344,1,'n. 战争，斗争','/wɔː(r)/','war','八下','Unit7',0,'2026-07-01 06:11:45','2026-07-04 01:03:05'),(345,1,'错失（机会）','—','miss out (on)','八下','Unit7',0,'2026-07-01 06:11:45','2026-07-04 01:03:05'),(346,1,'adj. 有影响力的','/ˌɪnflu\'enʃl/','influential','八下','Unit7',0,'2026-07-01 06:11:45','2026-07-04 01:03:05'),(347,1,'n. 原因；理由','/kɔːz/','cause','八下','Unit8',0,'2026-07-01 06:12:06','2026-07-04 01:03:14'),(348,1,'n. 土壤','/sɔɪl/','soil','八下','Unit8',0,'2026-07-01 06:12:06','2026-07-04 01:03:14'),(349,1,'adj. 化学品的；化学的；n. 化学制品','/\'kemɪkl/','chemical','八下','Unit8',0,'2026-07-01 06:12:06','2026-07-04 01:03:14'),(350,1,'n. 卡车；载重汽车','/trʌk/','truck','八下','Unit8',0,'2026-07-01 06:12:06','2026-07-04 01:03:14'),(351,1,'adj. 不洁净的','/ʌn\'kliːn/','unclean','八下','Unit8',0,'2026-07-01 06:12:06','2026-07-04 01:03:14'),(352,1,'n. 燃料','/fjuːəl/','fuel','八下','Unit8',0,'2026-07-01 06:12:06','2026-07-04 01:03:14'),(353,1,'vt. 倾倒；倒出；vt. 倾泻','/pɔː(r)/','pour','八下','Unit8',0,'2026-07-01 06:12:06','2026-07-04 01:03:14'),(354,1,'adj. 清洁的；清楚的；了解清楚的','/klɪə(r)/','clear','八下','Unit8',0,'2026-07-01 06:12:06','2026-07-04 01:03:14'),(355,1,'adj. 环保的','/ˌiːkəʊ \'frendli/','eco-friendly','八下','Unit8',0,'2026-07-01 06:12:06','2026-07-04 01:03:14'),(356,1,'vt. & vi. （使）分开；vt. 区分','/\'sepəreɪt/','separate','八下','Unit8',0,'2026-07-01 06:12:06','2026-07-04 01:03:14'),(357,1,'把……分成','—','separate ... into','八下','Unit8',0,'2026-07-01 06:12:06','2026-07-04 01:03:14'),(358,1,'vt. 回收利用','/ˌriː\'saɪkl/','recycle','八下','Unit8',0,'2026-07-01 06:12:06','2026-07-04 01:03:14'),(359,1,'n. 标准；水平','/\'levl/','level','八下','Unit8',0,'2026-07-01 06:12:06','2026-07-04 01:03:14'),(360,1,'adv. 有成效地','/sək\'sesfəli/','successfully','八下','Unit8',0,'2026-07-01 06:12:06','2026-07-04 01:03:14'),(361,1,'adj. 总的；全部的','/\'təʊtl/','total','八下','Unit8',0,'2026-07-01 06:12:06','2026-07-04 01:03:14'),(362,1,'adj. 严格的','/strɪkt/','strict','八下','Unit8',0,'2026-07-01 06:12:06','2026-07-04 01:03:14'),(363,1,'vt. & n. 控制','/kən\'trəʊl/','control','八下','Unit8',0,'2026-07-01 06:12:06','2026-07-04 01:03:14'),(364,1,'vt. 违犯，违背；vi. & vt. （使）破，裂，碎','/breɪk/','break','八下','Unit8',0,'2026-07-01 06:12:06','2026-07-04 01:03:14'),(365,1,'vt. & vi. 惩罚','/\'pʌnɪʃ/','punish','八下','Unit8',0,'2026-07-01 06:12:06','2026-07-04 01:03:14'),(366,1,'vt. 对……处以罚款','/faɪn/','fine','八下','Unit8',0,'2026-07-01 06:12:06','2026-07-04 01:03:14'),(367,1,'n. 资源','/rɪ\'zɔːs/','resource','八下','Unit8',0,'2026-07-01 06:12:06','2026-07-04 01:03:14'),(368,1,'adv. 明智地','/\'waɪzli/','wisely','八下','Unit8',0,'2026-07-01 06:12:06','2026-07-04 01:03:14'),(369,1,'用完，耗尽','—','run out','八下','Unit8',0,'2026-07-01 06:12:06','2026-07-04 01:03:14'),(370,1,'adv. 广泛地，普遍地','/\'waɪdli/','widely','八下','Unit8',0,'2026-07-01 06:12:06','2026-07-04 01:03:14'),(371,1,'有作用，有影响','—','make a difference','八下','Unit8',0,'2026-07-01 06:12:06','2026-07-04 01:03:14'),(372,1,'n. 管理','/\'mænɪdʒmənt/','management','八下','Unit8',0,'2026-07-01 06:12:06','2026-07-04 01:03:14'),(373,1,'vi. & vt. 投票，表决','/vəʊt/','vote','八下','Unit8',0,'2026-07-01 06:12:06','2026-07-04 01:03:14'),(374,1,'n. 海报','/\'pəʊstə(r)/','poster','八下','Unit8',0,'2026-07-01 06:12:06','2026-07-04 01:03:14'),(375,1,'vt. 污染','/pə\'luːt/','pollute','八下','Unit8',0,'2026-07-01 06:12:06','2026-07-04 01:03:14'),(376,1,'vt. 影响','/ə\'fekt/','affect','八下','Unit8',0,'2026-07-01 06:12:06','2026-07-04 01:03:14'),(377,1,'n. 气体','/ɡæs/','gas','八下','Unit8',0,'2026-07-01 06:12:06','2026-07-04 01:03:14'),(378,1,'n. 咳嗽','/\'kɒfɪŋ/','coughing','八下','Unit8',0,'2026-07-01 06:12:06','2026-07-04 01:03:14'),(379,1,'n. 海鸟','/\'siːbɜːd/','seabird','八下','Unit8',0,'2026-07-01 06:12:06','2026-07-04 01:03:14'),(380,1,'prep. 依照，根据','/ə\'kɔːdɪŋ tuː/','according to','八下','Unit8',0,'2026-07-01 06:12:06','2026-07-04 01:03:14'),(381,1,'n. 沙漠化','/dɪˌzɜːtɪfɪ\'keɪʃn/','desertification','八下','Unit8',0,'2026-07-01 06:12:06','2026-07-04 01:03:14'),(382,1,'adv. 几乎不，几乎没有','/\'hɑːdli/','hardly','八下','Unit8',0,'2026-07-01 06:12:06','2026-07-04 01:03:14'),(383,1,'adj. 供一次使用的','/ˌsɪŋɡl \'juːs/','single-use','八下','Unit8',0,'2026-07-01 06:12:06','2026-07-04 01:03:14'),(384,1,'n. 损坏，损失，损害','/\'dæmɪdʒ/','damage','八下','Unit8',0,'2026-07-01 06:12:06','2026-07-04 01:03:14'),(385,1,'n. 太阳能','/ˌsəʊlə \'paʊə(r)/','solar power','八下','Unit8',0,'2026-07-01 06:12:06','2026-07-04 01:03:14'),(386,1,'adj. 二手的','/ˌsekənd \'hænd/','second-hand','八下','Unit8',0,'2026-07-01 06:12:06','2026-07-04 01:03:14'),(387,1,'n. 电池','/\'bætri/','battery','八下','Unit8',0,'2026-07-01 06:12:06','2026-07-04 01:03:14'),(388,1,'adj. 电子的','/ɪˌlek\'trɒnɪk/','electronic','八下','Unit8',0,'2026-07-01 06:12:06','2026-07-04 01:03:14'),(389,1,'n. 电，电能','/ɪˌlek\'trɪsəti/','electricity','八下','Unit8',0,'2026-07-01 06:12:06','2026-07-04 01:03:14'),(390,1,'更喜欢（做）某事','','prefer doing sth','八下','Unit2',1,'2026-07-04 05:27:47','2026-07-04 05:46:21'),(391,1,'历史资料','','historical records','八下','Unit2',1,'2026-07-04 05:43:03','2026-07-04 05:46:21'),(392,1,'旅游景点','','tourist attractions','八下','Unit2',1,'2026-07-04 05:43:49','2026-07-04 05:46:21'),(393,1,'adj. 有条理的','/\'ɔːɡənaɪzd/','organized','九上','Unit1',0,'2026-07-04 10:10:58','2026-07-04 10:10:58'),(394,1,'n. 条理；顺序','/\'ɔːdə(r)/','order','九上','Unit1',0,'2026-07-04 10:10:58','2026-07-04 10:10:58'),(395,1,'保持整齐','—','keep ... in (good) order','九上','Unit1',0,'2026-07-04 10:10:58','2026-07-04 10:10:58'),(396,1,'vt. & vi. 解释','/ɪk\'spleɪn/','explain','九上','Unit1',0,'2026-07-04 10:10:58','2026-07-04 10:10:58'),(397,1,'想出，找到（答案）','—','come up with','九上','Unit1',0,'2026-07-04 10:10:58','2026-07-04 10:10:58'),(398,1,'adj. 粗心的','/\'keələs/','careless','九上','Unit1',0,'2026-07-04 10:10:58','2026-07-04 10:10:58'),(399,1,'adv. 也不；det. & pron. 两者都不','/\'naɪðə(r)/','neither','九上','Unit1',0,'2026-07-04 10:10:58','2026-07-04 10:10:58'),(400,1,'既不……也不……','—','neither ... nor ...','九上','Unit1',0,'2026-07-04 10:10:58','2026-07-04 10:10:58'),(401,1,'conj. & adv. 也不','/nɔː(r)/','nor','九上','Unit1',0,'2026-07-04 10:10:58','2026-07-04 10:10:58'),(402,1,'n. 会计','/ə\'kaʊntənt/','accountant','九上','Unit1',0,'2026-07-04 10:10:58','2026-07-04 10:10:58'),(403,1,'vt. & vi. 认为；推断；假设','/sə\'pəʊz/','suppose','九上','Unit1',0,'2026-07-04 10:10:58','2026-07-04 10:10:58'),(404,1,'adj. 好交际的；社交的','/\'səʊʃl/','social','九上','Unit1',0,'2026-07-04 10:10:58','2026-07-04 10:10:58'),(405,1,'vt. 包含；要求；牵涉','/ɪn\'vɒlv/','involve','九上','Unit1',0,'2026-07-04 10:10:58','2026-07-04 10:10:58'),(406,1,'vt. & vi. 使留下深刻的好印象','/ɪm\'pres/','impress','九上','Unit1',0,'2026-07-04 10:10:58','2026-07-04 10:10:58'),(407,1,'n. 想象力','/ɪˌmædʒɪ\'neɪʃn/','imagination','九上','Unit1',0,'2026-07-04 10:10:58','2026-07-04 10:10:58'),(408,1,'n. 经理','/\'mænɪdʒə(r)/','manager','九上','Unit1',0,'2026-07-04 10:10:58','2026-07-04 10:10:58'),(409,1,'vt. & vi. 离开；离任','/kwɪt/','quit','九上','Unit1',0,'2026-07-04 10:10:58','2026-07-04 10:10:58'),(410,1,'vt. 适合','/suːt/','suit','九上','Unit1',0,'2026-07-04 10:10:58','2026-07-04 10:10:58'),(411,1,'n. 铁路；铁路系统','/\'reɪlweɪ/','railway','九上','Unit1',0,'2026-07-04 10:10:58','2026-07-04 10:10:58'),(412,1,'vt. 提到，说到，写到','/\'menʃn/','mention','九上','Unit1',0,'2026-07-04 10:10:58','2026-07-04 10:10:58'),(413,1,'n. 标准；adj. 标准的','/\'stændəd/','standard','九上','Unit1',0,'2026-07-04 10:10:58','2026-07-04 10:10:58'),(414,1,'adj. 艰难的','/tʌf/','tough','九上','Unit1',0,'2026-07-04 10:10:58','2026-07-04 10:10:58'),(415,1,'总是，随时，永远','—','at all times','九上','Unit1',0,'2026-07-04 10:10:58','2026-07-04 10:10:58'),(416,1,'n. 乘客','/\'pæsɪndʒə(r)/','passenger','九上','Unit1',0,'2026-07-04 10:10:58','2026-07-04 10:10:58'),(417,1,'adv. （答语）完全正确；准确地','/ɪɡ\'zæktli/','exactly','九上','Unit1',0,'2026-07-04 10:10:58','2026-07-04 10:10:58'),(418,1,'n. 改进，改善','/ɪm\'pruːvmənt/','improvement','九上','Unit1',0,'2026-07-04 10:10:58','2026-07-04 10:10:58'),(419,1,'要么……要么……，不是……就是……','—','either ... or ...','九上','Unit1',0,'2026-07-04 10:10:58','2026-07-04 10:10:58'),(420,1,'决定；选定','—','decide on','九上','Unit1',0,'2026-07-04 10:10:58','2026-07-04 10:10:58'),(421,1,'n. 性格，个性','/ˌpɜːsə\'næləti/','personality','九上','Unit1',0,'2026-07-04 10:10:58','2026-07-04 10:10:58'),(422,1,'承担（责任），决定做','—','take on','九上','Unit1',0,'2026-07-04 10:10:58','2026-07-04 10:10:58'),(423,1,'n. 挑战','/\'tʃælɪndʒ/','challenge','九上','Unit1',0,'2026-07-04 10:10:58','2026-07-04 10:10:58'),(424,1,'n. 获胜者','/\'wɪnə(r)/','winner','九上','Unit1',0,'2026-07-04 10:10:58','2026-07-04 10:10:58'),(425,1,'adj. 外向的，友好的','/ˌaʊt\'ɡəʊɪŋ/','outgoing','九上','Unit1',0,'2026-07-04 10:10:58','2026-07-04 10:10:58'),(426,1,'n. 对立的人（或事物）','/\'ɒpəzɪt/','opposite','九上','Unit1',0,'2026-07-04 10:10:58','2026-07-04 10:10:58'),(427,1,'n. 善良','/\'kaɪndnəs/','kindness','九上','Unit1',0,'2026-07-04 10:10:58','2026-07-04 10:10:58'),(428,1,'n. 关乎……的事情；问题','/\'mætə(r)/','matter','九上','Unit1',0,'2026-07-04 10:10:58','2026-07-04 10:10:58'),(429,1,'事实上','—','as a matter of fact','九上','Unit1',0,'2026-07-04 10:10:58','2026-07-04 10:10:58'),(430,1,'使失望','—','let sb down','九上','Unit1',0,'2026-07-04 10:10:58','2026-07-04 10:10:58'),(431,1,'adv. 很可能，大概','/\'prɒbəbli/','probably','九上','Unit1',0,'2026-07-04 10:10:58','2026-07-04 10:10:58'),(432,1,'n. 鼓励','/ɪn\'kʌrɪdʒmənt/','encouragement','九上','Unit1',0,'2026-07-04 10:10:58','2026-07-04 10:10:58'),(433,1,'n. 表现方式；行为','/bɪ\'heɪvjə(r)/','behaviour','九上','Unit1',0,'2026-07-04 10:10:58','2026-07-04 10:10:58'),(434,1,'传给某人','—','pass sth on to sb','九上','Unit1',0,'2026-07-04 10:10:58','2026-07-04 10:10:58'),(435,1,'n. 儿子','/sʌn/','son','九上','Unit1',0,'2026-07-04 10:10:58','2026-07-04 10:10:58'),(436,1,'linking v. 保持不变，仍然是','/rɪ\'meɪn/','remain','九上','Unit1',0,'2026-07-04 10:10:58','2026-07-04 10:10:58'),(437,1,'adj. 自信的','/\'kɒnfɪdənt/','confident','九上','Unit1',0,'2026-07-04 10:10:58','2026-07-04 10:10:58'),(438,1,'adv. 可能；adj. 可能的','/\'laɪkli/','likely','九上','Unit1',0,'2026-07-04 10:10:58','2026-07-04 10:10:58'),(439,1,'adj. 消极的；有害的；否定的','/\'neɡətɪv/','negative','九上','Unit1',0,'2026-07-04 10:10:58','2026-07-04 10:10:58'),(440,1,'n. 演讲，讲座','/\'lektʃə(r)/','lecture','九上','Unit1',0,'2026-07-04 10:10:58','2026-07-04 10:10:58'),(441,1,'n. 关联；联结','/kə\'nekʃn/','connection','九上','Unit1',0,'2026-07-04 10:10:58','2026-07-04 10:10:58'),(442,1,'n. 发言者；讲（某种语言）的人','/\'spiːkə(r)/','speaker','九上','Unit1',0,'2026-07-04 10:10:58','2026-07-04 10:10:58'),(443,1,'vt. & vi. 指向，指引','/pɔɪnt/','point','九上','Unit1',0,'2026-07-04 10:10:58','2026-07-04 10:10:58'),(444,1,'指出','—','point out','九上','Unit1',0,'2026-07-04 10:10:58','2026-07-04 10:10:58'),(445,1,'成功，奏效','—','pay off','九上','Unit1',0,'2026-07-04 10:10:58','2026-07-04 10:10:58'),(446,1,'vi. 成功','/sək\'siːd/','succeed','九上','Unit1',0,'2026-07-04 10:10:58','2026-07-04 10:10:58'),(447,1,'n. 职位；位置','/pə\'zɪʃn/','position','九上','Unit1',0,'2026-07-04 10:10:58','2026-07-04 10:10:58'),(448,1,'n. 主席；院长；董事长','/\'prezɪdənt/','president','九上','Unit1',0,'2026-07-04 10:10:58','2026-07-04 10:10:58'),(449,1,'vi. 合作','/kəʊ\'ɒpəreɪt/','cooperate','九上','Unit1',0,'2026-07-04 10:10:58','2026-07-04 10:10:58'),(450,1,'vt. 表达','/vɔɪs/','voice','九上','Unit1',0,'2026-07-04 10:10:58','2026-07-04 10:10:58'),(451,1,'vt. & vi. 仔细考虑','/kən\'sɪdə(r)/','consider','九上','Unit1',0,'2026-07-04 10:10:58','2026-07-04 10:10:58'),(452,1,'adj. 青少年的，十几岁的','/\'tiːneɪdʒ/','teenage','九上','Unit2',0,'2026-07-04 10:11:15','2026-07-04 10:11:15'),(453,1,'vt. 驱使；驾驶','/draɪv/','drive','九上','Unit2',0,'2026-07-04 10:11:15','2026-07-04 10:11:15'),(454,1,'adj. 气愤的；疯的','/mæd/','mad','九上','Unit2',0,'2026-07-04 10:11:15','2026-07-04 10:11:15'),(455,1,'情绪低落','—','be in low spirits','九上','Unit2',0,'2026-07-04 10:11:15','2026-07-04 10:11:15'),(456,1,'adv. 最近','/\'leɪtli/','lately','九上','Unit2',0,'2026-07-04 10:11:15','2026-07-04 10:11:15'),(457,1,'减少；削减；缩减','—','cut back on sth','九上','Unit2',0,'2026-07-04 10:11:15','2026-07-04 10:11:15'),(458,1,'n. 屏幕','/skriːn/','screen','九上','Unit2',0,'2026-07-04 10:11:15','2026-07-04 10:11:15'),(459,1,'n. 就寝时间','/\'bedtaɪm/','bedtime','九上','Unit2',0,'2026-07-04 10:11:15','2026-07-04 10:11:15'),(460,1,'n. 痛苦；疼痛','/peɪn/','pain','九上','Unit2',0,'2026-07-04 10:11:15','2026-07-04 10:11:15'),(461,1,'使悲伤（沮丧、忧郁等）','—','get sb down','九上','Unit2',0,'2026-07-04 10:11:15','2026-07-04 10:11:15'),(462,1,'n. 羞耻；让人遗憾的事','/ʃeɪm/','shame','九上','Unit2',0,'2026-07-04 10:11:15','2026-07-04 10:11:15'),(463,1,'n. 决定','/dɪ\'sɪʒn/','decision','九上','Unit2',0,'2026-07-04 10:11:15','2026-07-04 10:11:15'),(464,1,'n. 耐心','/\'peɪʃns/','patience','九上','Unit2',0,'2026-07-04 10:11:15','2026-07-04 10:11:15'),(465,1,'vt. & vi. 粘，粘住；插入','/stɪk/','stick','九上','Unit2',0,'2026-07-04 10:11:15','2026-07-04 10:11:15'),(466,1,'坚持','—','stick to','九上','Unit2',0,'2026-07-04 10:11:15','2026-07-04 10:11:15'),(467,1,'n. 精神压力，心理负荷；vt. & vi. （使）焦虑不安，不堪受压','/stres/','stress','九上','Unit2',0,'2026-07-04 10:11:15','2026-07-04 10:11:15'),(468,1,'在压力之下，承受压力','—','under stress','九上','Unit2',0,'2026-07-04 10:11:15','2026-07-04 10:11:15'),(469,1,'vt. 浪费，滥用','/weɪst/','waste','九上','Unit2',0,'2026-07-04 10:11:15','2026-07-04 10:11:15'),(470,1,'手机','—','mobile phone','九上','Unit2',0,'2026-07-04 10:11:15','2026-07-04 10:11:15'),(471,1,'vt. 懊悔，感到遗憾','/rɪ\'ɡret/','regret','九上','Unit2',0,'2026-07-04 10:11:15','2026-07-04 10:11:15'),(472,1,'n. （= examination）考试','/ɪɡ\'zæm/','exam','九上','Unit2',0,'2026-07-04 10:11:15','2026-07-04 10:11:15'),(473,1,'adj. 注意力集中的，目标明确的','/\'fəʊkəst/','focused','九上','Unit2',0,'2026-07-04 10:11:15','2026-07-04 10:11:15'),(474,1,'vi. 争论，争辩，争吵','/\'ɑːɡjuː/','argue','九上','Unit2',0,'2026-07-04 10:11:15','2026-07-04 10:11:15'),(475,1,'adj. 愚蠢的，傻的','/\'sɪli/','silly','九上','Unit2',0,'2026-07-04 10:11:15','2026-07-04 10:11:15'),(476,1,'adj. 正常的，典型的','/\'nɔːml/','normal','九上','Unit2',0,'2026-07-04 10:11:15','2026-07-04 10:11:15'),(477,1,'使极度焦虑，使压力大','—','stress sb out','九上','Unit2',0,'2026-07-04 10:11:15','2026-07-04 10:11:15'),(478,1,'n. 底部','/\'bɒtəm/','bottom','九上','Unit2',0,'2026-07-04 10:11:15','2026-07-04 10:11:15'),(479,1,'n. 对话','/\'daɪəlɒɡ/','dialogue','九上','Unit2',0,'2026-07-04 10:11:15','2026-07-04 10:11:15'),(480,1,'vi. 沟通；vi. & vt. 交流','/kə\'mjuːnɪkeɪt/','communicate','九上','Unit2',0,'2026-07-04 10:11:15','2026-07-04 10:11:15'),(481,1,'n. 词典，辞书','/\'dɪkʃənri/','dictionary','九上','Unit2',0,'2026-07-04 10:11:15','2026-07-04 10:11:15'),(482,1,'听说','—','hear of','九上','Unit2',0,'2026-07-04 10:11:15','2026-07-04 10:11:15'),(483,1,'n. 青年，青春','/juːθ/','youth','九上','Unit2',0,'2026-07-04 10:11:15','2026-07-04 10:11:15'),(484,1,'n. 阶段；舞台','/steɪdʒ/','stage','九上','Unit2',0,'2026-07-04 10:11:15','2026-07-04 10:11:15'),(485,1,'vt. 经历，体验','/ɪk\'spɪəriəns/','experience','九上','Unit2',0,'2026-07-04 10:11:15','2026-07-04 10:11:15'),(486,1,'adj. 快速的','/\'ræpɪd/','rapid','九上','Unit2',0,'2026-07-04 10:11:15','2026-07-04 10:11:15'),(487,1,'adj. 丑陋的','/\'ʌɡli/','ugly','九上','Unit2',0,'2026-07-04 10:11:15','2026-07-04 10:11:15'),(488,1,'n. 情绪，心情','/muːd/','mood','九上','Unit2',0,'2026-07-04 10:11:15','2026-07-04 10:11:15'),(489,1,'vt. 冒……的风险，冒险做','/rɪsk/','risk','九上','Unit2',0,'2026-07-04 10:11:15','2026-07-04 10:11:15'),(490,1,'冒做某事的风险','—','risk doing sth','九上','Unit2',0,'2026-07-04 10:11:15','2026-07-04 10:11:15'),(491,1,'经历，遭受','—','go through','九上','Unit2',0,'2026-07-04 10:11:15','2026-07-04 10:11:15'),(492,1,'n. 成年人','/\'ædʌlt/','adult','九上','Unit2',0,'2026-07-04 10:11:15','2026-07-04 10:11:15'),(493,1,'adj. 刻薄的，卑鄙的','/miːn/','mean','九上','Unit2',0,'2026-07-04 10:11:15','2026-07-04 10:11:15'),(494,1,'n. 陌生人；外人','/\'streɪndʒə(r)/','stranger','九上','Unit2',0,'2026-07-04 10:11:15','2026-07-04 10:11:15'),(495,1,'adj. 不自在的，不舒服的','/ʌn\'kʌmftəbl/','uncomfortable','九上','Unit2',0,'2026-07-04 10:11:15','2026-07-04 10:11:15'),(496,1,'adj. 期中的','/\'mɪdtɜːm/','midterm','九上','Unit2',0,'2026-07-04 10:11:15','2026-07-04 10:11:15'),(497,1,'adj. 紧的','/taɪt/','tight','九上','Unit2',0,'2026-07-04 10:11:15','2026-07-04 10:11:15'),(498,1,'adj. 超重的','/ˌəʊvə\'weɪt/','overweight','九上','Unit2',0,'2026-07-04 10:11:15','2026-07-04 10:11:15'),(499,1,'vt. 恐吓，伤害，欺凌；n. 恃强凌弱之人，恶霸','/\'bʊli/','bully','九上','Unit2',0,'2026-07-04 10:11:15','2026-07-04 10:11:15'),(500,1,'支持，维护','—','stand up for sb/sth','九上','Unit2',0,'2026-07-04 10:11:15','2026-07-04 10:11:15'),(501,1,'n. 种子；起因','/siːd/','seed','九上','Unit3',0,'2026-07-04 10:11:29','2026-07-04 10:11:29'),(502,1,'n. 舞者，跳舞者','/\'dɑːnsə(r)/','dancer','九上','Unit3',0,'2026-07-04 10:11:29','2026-07-04 10:11:29'),(503,1,'vt. 赞赏，公认；认识，辨别出','/\'rekəɡnaɪz/','recognize','九上','Unit3',0,'2026-07-04 10:11:29','2026-07-04 10:11:29'),(504,1,'n. 贡献','/ˌkɒntrɪ\'bjuːʃn/','contribution','九上','Unit3',0,'2026-07-04 10:11:29','2026-07-04 10:11:29'),(505,1,'vt. 克服，解决','/ˌəʊvə\'kʌm/','overcome','九上','Unit3',0,'2026-07-04 10:11:29','2026-07-04 10:11:29'),(506,1,'n. 痛苦，苦难','/\'sʌfərɪŋ/','suffering','九上','Unit3',0,'2026-07-04 10:11:29','2026-07-04 10:11:29'),(507,1,'n. 家庭，一户','/\'həʊshəʊld/','household','九上','Unit3',0,'2026-07-04 10:11:29','2026-07-04 10:11:29'),(508,1,'n. 家喻户晓的人','—','household name','九上','Unit3',0,'2026-07-04 10:11:29','2026-07-04 10:11:29'),(509,1,'n. 鼓舞人心的人（或事物）；灵感','/ˌɪnspə\'reɪʃn/','inspiration','九上','Unit3',0,'2026-07-04 10:11:29','2026-07-04 10:11:29'),(510,1,'vt. 促进，增进','/\'fɜːðə(r)/','further','九上','Unit3',0,'2026-07-04 10:11:29','2026-07-04 10:11:29'),(511,1,'vt. 诊断','/\'daɪəɡnəʊz/','diagnose','九上','Unit3',0,'2026-07-04 10:11:29','2026-07-04 10:11:29'),(512,1,'被诊断出患有……（疾病）','—','be diagnosed with','九上','Unit3',0,'2026-07-04 10:11:29','2026-07-04 10:11:29'),(513,1,'adv. 不久','/\'ʃɔːtli/','shortly','九上','Unit3',0,'2026-07-04 10:11:29','2026-07-04 10:11:29'),(514,1,'vt. 掠夺','/rɒb/','rob','九上','Unit3',0,'2026-07-04 10:11:29','2026-07-04 10:11:29'),(515,1,'剥夺某人所需或应得之物','—','rob sb of sth','九上','Unit3',0,'2026-07-04 10:11:29','2026-07-04 10:11:29'),(516,1,'n. 肌肉','/\'mʌsl/','muscle','九上','Unit3',0,'2026-07-04 10:11:29','2026-07-04 10:11:29'),(517,1,'conj. 然而，但是','/jet/','yet','九上','Unit3',0,'2026-07-04 10:11:29','2026-07-04 10:11:29'),(518,1,'adv. 使人惊奇地','/sə\'praɪzɪŋli/','surprisingly','九上','Unit3',0,'2026-07-04 10:11:29','2026-07-04 10:11:29'),(519,1,'n. 态度','/\'ætɪtjuːd/','attitude','九上','Unit3',0,'2026-07-04 10:11:29','2026-07-04 10:11:29'),(520,1,'prep. 尽管，即使','/dɪ\'spaɪt/','despite','九上','Unit3',0,'2026-07-04 10:11:29','2026-07-04 10:11:29'),(521,1,'n. 宇宙','/\'juːnɪvɜːs/','universe','九上','Unit3',0,'2026-07-04 10:11:29','2026-07-04 10:11:29'),(522,1,'adj. 连续不断的','/kən\'tɪnjuːd/','continued','九上','Unit3',0,'2026-07-04 10:11:29','2026-07-04 10:11:29'),(523,1,'adj. 科学的','/ˌsaɪən\'tɪfɪk/','scientific','九上','Unit3',0,'2026-07-04 10:11:29','2026-07-04 10:11:29'),(524,1,'n. 读者，观众，听众','/\'ɔːdiəns/','audience','九上','Unit3',0,'2026-07-04 10:11:29','2026-07-04 10:11:29'),(525,1,'adv. 很，非常','/\'haɪli/','highly','九上','Unit3',0,'2026-07-04 10:11:29','2026-07-04 10:11:29'),(526,1,'conj. 无论何时','/wen\'evə(r)/','whenever','九上','Unit3',0,'2026-07-04 10:11:29','2026-07-04 10:11:29'),(527,1,'n. 成就','/ə\'tʃiːvmənt/','achievement','九上','Unit3',0,'2026-07-04 10:11:29','2026-07-04 10:11:29'),(528,1,'妨碍某人，阻止某人','—','stand in sb\'s way','九上','Unit3',0,'2026-07-04 10:11:29','2026-07-04 10:11:29'),(529,1,'adv. 不管多么','/haʊ\'evə(r)/','however','九上','Unit3',0,'2026-07-04 10:11:29','2026-07-04 10:11:29'),(530,1,'n. 音乐家','/mju\'zɪʃn/','musician','九上','Unit3',0,'2026-07-04 10:11:29','2026-07-04 10:11:29'),(531,1,'n. 死亡','/deθ/','death','九上','Unit3',0,'2026-07-04 10:11:29','2026-07-04 10:11:29'),(532,1,'n. 肩膀','/\'ʃəʊldə(r)/','shoulder','九上','Unit3',0,'2026-07-04 10:11:29','2026-07-04 10:11:29'),(533,1,'获得成功','—','make it (to)','九上','Unit3',0,'2026-07-04 10:11:29','2026-07-04 10:11:29'),(534,1,'n. 教练','/kəʊtʃ/','coach','九上','Unit3',0,'2026-07-04 10:11:29','2026-07-04 10:11:29'),(535,1,'adv. 相当','/\'prɪti/','pretty','九上','Unit3',0,'2026-07-04 10:11:29','2026-07-04 10:11:29'),(536,1,'n. 膝，膝盖','/niː/','knee','九上','Unit3',0,'2026-07-04 10:11:29','2026-07-04 10:11:29'),(537,1,'adj. 有挑战性的','/\'tʃælɪndʒɪŋ/','challenging','九上','Unit3',0,'2026-07-04 10:11:29','2026-07-04 10:11:29'),(538,1,'exclam. 再见；谢谢','/tʃɪəz/','cheers','九上','Unit3',0,'2026-07-04 10:11:29','2026-07-04 10:11:29'),(539,1,'adj. 平衡的，公正的','/feə(r)/','fair','九上','Unit3',0,'2026-07-04 10:11:29','2026-07-04 10:11:29'),(540,1,'n. 公平竞赛，公平办事','—','fair play','九上','Unit3',0,'2026-07-04 10:11:29','2026-07-04 10:11:29'),(541,1,'adj. 爱尔兰的；n. 爱尔兰人；爱尔兰语','/\'aɪrɪʃ/','Irish','九上','Unit3',0,'2026-07-04 10:11:29','2026-07-04 10:11:29'),(542,1,'n. 体操运动员','/\'dʒɪmnæst/','gymnast','九上','Unit3',0,'2026-07-04 10:11:29','2026-07-04 10:11:29'),(543,1,'vi. 参加比赛；竞争','/kəm\'piːt/','compete','九上','Unit3',0,'2026-07-04 10:11:29','2026-07-04 10:11:29'),(544,1,'vt. 伤害，使受伤','/\'ɪndʒə(r)/','injure','九上','Unit3',0,'2026-07-04 10:11:29','2026-07-04 10:11:29'),(545,1,'n. 表现；表演','/pə\'fɔːməns/','performance','九上','Unit3',0,'2026-07-04 10:11:29','2026-07-04 10:11:29'),(546,1,'n. 意志，毅力；意愿','/wɪl/','will','九上','Unit3',0,'2026-07-04 10:11:29','2026-07-04 10:11:29'),(547,1,'n. 赛跑运动员，跑步者','/\'rʌnə(r)/','runner','九上','Unit3',0,'2026-07-04 10:11:29','2026-07-04 10:11:29'),(548,1,'n. 半决赛','/ˌsemi \'faɪnl/','semi-final','九上','Unit3',0,'2026-07-04 10:11:29','2026-07-04 10:11:29'),(549,1,'det. & pron. 无论什么，不管什么','/wɒt\'evə(r)/','whatever','九上','Unit3',0,'2026-07-04 10:11:29','2026-07-04 10:11:29'),(550,1,'n. 日记','/\'daɪəri/','diary','九上','Unit3',0,'2026-07-04 10:11:29','2026-07-04 10:11:29'),(551,1,'n. 胜利','/\'vɪktəri/','victory','九上','Unit3',0,'2026-07-04 10:11:29','2026-07-04 10:11:29'),(552,1,'经历（灾难等）而幸存','—','live through sth','九上','Unit3',0,'2026-07-04 10:11:29','2026-07-04 10:11:29'),(553,1,'vt. 做，执行；vt. & vi. 表演','/pə\'fɔːm/','perform','九上','Unit3',0,'2026-07-04 10:11:29','2026-07-04 10:11:29'),(554,1,'vt. 使……失望','/ˌdɪsə\'pɔɪnt/','disappoint','九上','Unit3',0,'2026-07-04 10:11:29','2026-07-04 10:11:29'),(555,1,'n. 仙人掌','/\'kæktəs/','cactus','九上','Unit4',0,'2026-07-04 10:11:45','2026-07-04 10:11:45'),(556,1,'n. 莲属植物；莲花图案','/\'ləʊtəs/','lotus','九上','Unit4',0,'2026-07-04 10:11:45','2026-07-04 10:11:45'),(557,1,'n. 自我；本来面目','/self/','self','九上','Unit4',0,'2026-07-04 10:11:45','2026-07-04 10:11:45'),(558,1,'n. 花生','/\'piːnʌt/','peanut','九上','Unit4',0,'2026-07-04 10:11:45','2026-07-04 10:11:45'),(559,1,'adj. 未用过的','/ʌn\'juːzd/','unused','九上','Unit4',0,'2026-07-04 10:11:45','2026-07-04 10:11:45'),(560,1,'n. 遗憾','/\'pɪti/','pity','九上','Unit4',0,'2026-07-04 10:11:45','2026-07-04 10:11:45'),(561,1,'vt. & vi. 挖；挖掘，掘','/dɪɡ/','dig','九上','Unit4',0,'2026-07-04 10:11:45','2026-07-04 10:11:45'),(562,1,'掘地；挖掘出','—','dig up','九上','Unit4',0,'2026-07-04 10:11:45','2026-07-04 10:11:45'),(563,1,'几个；一对','—','a couple of','九上','Unit4',0,'2026-07-04 10:11:45','2026-07-04 10:11:45'),(564,1,'n. 庆祝；庆典','/ˌselɪ\'breɪʃn/','celebration','九上','Unit4',0,'2026-07-04 10:11:45','2026-07-04 10:11:45'),(565,1,'n. 食用油；石油','/ɔɪl/','oil','九上','Unit4',0,'2026-07-04 10:11:45','2026-07-04 10:11:45'),(566,1,'prep. 不像','/ʌn\'laɪk/','unlike','九上','Unit4',0,'2026-07-04 10:11:45','2026-07-04 10:11:45'),(567,1,'挖掘出；发掘','—','dig out','九上','Unit4',0,'2026-07-04 10:11:45','2026-07-04 10:11:45'),(568,1,'n. 茎；梗，柄','/stem/','stem','九上','Unit4',0,'2026-07-04 10:11:45','2026-07-04 10:11:45'),(569,1,'vt. 结（果实）；开花；生（孩子）','/beə(r)/','bear','九上','Unit4',0,'2026-07-04 10:11:45','2026-07-04 10:11:45'),(570,1,'adj. 吸引人的','/ə\'træktɪv/','attractive','九上','Unit4',0,'2026-07-04 10:11:45','2026-07-04 10:11:45'),(571,1,'vt. 比较；对比','/kəm\'peə(r)/','compare','九上','Unit4',0,'2026-07-04 10:11:45','2026-07-04 10:11:45'),(572,1,'期待某人做某事（或具备某种能力、品质）','—','expect sth of sb','九上','Unit4',0,'2026-07-04 10:11:45','2026-07-04 10:11:45'),(573,1,'adj. 隐藏的，隐秘的','/\'hɪdn/','hidden','九上','Unit4',0,'2026-07-04 10:11:45','2026-07-04 10:11:45'),(574,1,'n. 社会','/sə\'saɪəti/','society','九上','Unit4',0,'2026-07-04 10:11:45','2026-07-04 10:11:45'),(575,1,'n. 乐于助人','/\'helpflnəs/','helpfulness','九上','Unit4',0,'2026-07-04 10:11:45','2026-07-04 10:11:45'),(576,1,'n. 重要意义；目的，意图','/\'pɜːpəs/','purpose','九上','Unit4',0,'2026-07-04 10:11:45','2026-07-04 10:11:45'),(577,1,'adj. 满意的','/\'sætɪsfaɪd/','satisfied','九上','Unit4',0,'2026-07-04 10:11:45','2026-07-04 10:11:45'),(578,1,'n. 老板，上司','/bɒs/','boss','九上','Unit4',0,'2026-07-04 10:11:45','2026-07-04 10:11:45'),(579,1,'n. 牙科医生','/\'dentɪst/','dentist','九上','Unit4',0,'2026-07-04 10:11:45','2026-07-04 10:11:45'),(580,1,'n. （pl. wives）妻子','/waɪf/','wife','九上','Unit4',0,'2026-07-04 10:11:45','2026-07-04 10:11:45'),(581,1,'n. 章节；段落；乐段','/\'pæsɪdʒ/','passage','九上','Unit4',0,'2026-07-04 10:11:45','2026-07-04 10:11:45'),(582,1,'n. 邮票','/stæmp/','stamp','九上','Unit4',0,'2026-07-04 10:11:45','2026-07-04 10:11:45'),(583,1,'n. 女儿','/\'dɔːtə(r)/','daughter','九上','Unit4',0,'2026-07-04 10:11:45','2026-07-04 10:11:45'),(584,1,'vt. 献身，致力，专心','/dɪ\'vəʊt/','devote','九上','Unit4',0,'2026-07-04 10:11:45','2026-07-04 10:11:45'),(585,1,'把……奉献给……','—','devote ... to ...','九上','Unit4',0,'2026-07-04 10:11:45','2026-07-04 10:11:45'),(586,1,'vt. & vi. & n. 研究','/rɪ\'sɜːtʃ/','research','九上','Unit4',0,'2026-07-04 10:11:45','2026-07-04 10:11:45'),(587,1,'vt. 收藏，安置','/haʊz/','house','九上','Unit4',0,'2026-07-04 10:11:45','2026-07-04 10:11:45'),(588,1,'n. 过度旅游','/ˌəʊvə\'tʊərɪzəm/','overtourism','九上','Unit4',0,'2026-07-04 10:11:45','2026-07-04 10:11:45'),(589,1,'vt. 使（信息）数字化','/\'dɪdʒɪtəlaɪz/','digitalize','九上','Unit4',0,'2026-07-04 10:11:45','2026-07-04 10:11:45'),(590,1,'vt. & vi. （大学）毕业','/\'ɡrædʒueɪt/','graduate','九上','Unit4',0,'2026-07-04 10:11:45','2026-07-04 10:11:45'),(591,1,'vt. & vi. 满足……的需要；服务；提供','/sɜːv/','serve','九上','Unit4',0,'2026-07-04 10:11:45','2026-07-04 10:11:45'),(592,1,'n. 状态，状况','/kən\'dɪʃn/','condition','九上','Unit4',0,'2026-07-04 10:11:45','2026-07-04 10:11:45'),(593,1,'vi. & vt. 贡献，增进，促成','/kən\'trɪbjuːt/','contribute','九上','Unit4',0,'2026-07-04 10:11:45','2026-07-04 10:11:45'),(594,1,'vt. & vi. 判断，认为；vt. 审判','/dʒʌdʒ/','judge','九上','Unit4',0,'2026-07-04 10:11:45','2026-07-04 10:11:45'),(595,1,'adj. 大为惊奇','/ə\'meɪzd/','amazed','九上','Unit4',0,'2026-07-04 10:11:45','2026-07-04 10:11:45'),(596,1,'下定决心','—','make up one\'s mind','九上','Unit4',0,'2026-07-04 10:11:45','2026-07-04 10:11:45');
/*!40000 ALTER TABLE `words` ENABLE KEYS */;
UNLOCK TABLES;
/*!40103 SET TIME_ZONE=@OLD_TIME_ZONE */;

/*!40101 SET SQL_MODE=@OLD_SQL_MODE */;
/*!40014 SET FOREIGN_KEY_CHECKS=@OLD_FOREIGN_KEY_CHECKS */;
/*!40014 SET UNIQUE_CHECKS=@OLD_UNIQUE_CHECKS */;
/*!40101 SET CHARACTER_SET_CLIENT=@OLD_CHARACTER_SET_CLIENT */;
/*!40101 SET CHARACTER_SET_RESULTS=@OLD_CHARACTER_SET_RESULTS */;
/*!40101 SET COLLATION_CONNECTION=@OLD_COLLATION_CONNECTION */;
/*!40111 SET SQL_NOTES=@OLD_SQL_NOTES */;

-- Dump completed on 2026-07-04 18:24:38
